CREATE DATABASE [FormulaOne];

GO

USE [FormulaOne];

GO

CREATE SCHEMA Ref;

GO

/*
****************************
CREATE THE REF TABLES
****************************
*/

CREATE TABLE Ref.Seasons
(
	ID INT IDENTITY(1,1) NOT NULL,
	SeasonRefID  INT NOT NULL,
	Season INT
);

ALTER TABLE Ref.Seasons ADD CONSTRAINT PK_Seasons_SeasonRefID PRIMARY KEY (SeasonRefID);

CREATE TABLE Ref.Country
(
	ID INT IDENTITY(1,1) NOT NULL,
	CountryID INT NOT NULL,
	Country	varchar(50)
)

ALTER TABLE Ref.Country ADD CONSTRAINT PK_Country_CountryID PRIMARY KEY (CountryID);

CREATE TABLE Ref.CircuitType
(
	ID INT IDENTITY(1,1) NOT NULL,
	TypeRefID INT NOT NULL,
	CircuitType varchar(30) NOT NULL	
)

ALTER TABLE Ref.CircuitType ADD CONSTRAINT PK_CircuitType_TypeRefID PRIMARY KEY (TypeRefID);

CREATE TABLE Ref.CircuitDirections
(
	ID INT IDENTITY(1,1) NOT NULL,
	DirectionRefID INT NOT NULL,
	Direction varchar(100)	
)

ALTER TABLE Ref.CircuitDirections ADD CONSTRAINT PK_CircuitDirections_DirectionRefID PRIMARY KEY (DirectionRefID);

/*
****************************
CREATE MAIN TABLES
****************************
*/

CREATE TABLE dbo.Drivers
(
	ID INT IDENTITY(1,1) NOT NULL,
	DriverID INT NOT NULL,
	DriverName nvarchar(50),	
	CountryID INT,
	RaceEntries	INT,
	RaceStarts INT,
	PolePositions INT,
	RaceWins INT,
	Podiums INT,
	FastestLaps INT,	
	Points DECIMAL(6,2)
);

ALTER TABLE dbo.Drivers ADD CONSTRAINT PK_Drivers_DriverID PRIMARY KEY (DriverID);

CREATE TABLE dbo.DriversStandings
(
DriverStandingID INT NOT NULL IDENTITY(1,1),
DriverID INT,
SeasonID INT,
Points DECIMAL(6,2) DEFAULT 0,
DateAdded DATETIME DEFAULT GETDATE(),
LastUpdated DATETIME 
);

ALTER TABLE dbo.DriversStandings ADD CONSTRAINT PK_DriversStandings_DriverStandingID PRIMARY KEY (DriverStandingID);

CREATE TABLE dbo.DriversSeasons
(
	ID INT IDENTITY(1,1) NOT NULL,
	DriverID INT NOT NULL,	
	SeasonRefID INT
);

ALTER TABLE dbo.DriversSeasons ADD CONSTRAINT PK_DriversSeasons_ID PRIMARY KEY (ID);

CREATE TABLE dbo.DriversChampionships
(
	ID INT IDENTITY(1,1) NOT NULL,
	DriverID  INT NOT NULL,	
	SeasonRefID INT
)

CREATE TABLE dbo.Constructors
(
	ID INT IDENTITY(1,1) NOT NULL,
	ConstructorID INT NOT NULL,
	Constructor varchar(100),		
	CountryID INT,	
	RacesEntered INT,	
	RacesStarted INT, 	
	Drivers INT,	
	TotalEntries INT,	
	Wins INT,	
	Points INT,	
	Poles INT,	
	FL INT,	
	Podiums INT,	
	WCC INT,
	WDC INT,
);

ALTER TABLE dbo.Constructors ADD CONSTRAINT PK_Constructors_ConstructorID PRIMARY KEY (ConstructorID);

CREATE TABLE dbo.ConstructorsSeasons
(
	ID INT IDENTITY(1,1) NOT NULL,
	ConstructorID INT,
	SeasonID INT
);

ALTER TABLE dbo.ConstructorsSeasons ADD CONSTRAINT PK_ConstructorsSeasons_ID PRIMARY KEY (ID);

CREATE TABLE dbo.ConstructorStandings
(
ConstructorStandingID INT NOT NULL IDENTITY(1,1),
ConstructorID INT,
SeasonID INT,
Points DECIMAL(6,2) DEFAULT 0,
DateAdded DATETIME DEFAULT GETDATE(),
LastUpdated DATETIME 
);

ALTER TABLE dbo.ConstructorStandings ADD CONSTRAINT PK_ConstructorStandings_ID PRIMARY KEY (ConstructorStandingID);

CREATE TABLE dbo.ConstructorNationality
(
	ID INT IDENTITY(1,1) NOT NULL,
	ContructorID INT,	
	CountryID INT
);

ALTER TABLE dbo.ConstructorNationality ADD CONSTRAINT PK_ConstructorNationality_ID PRIMARY KEY (ID);

CREATE TABLE dbo.Circuits
(
	CircuitID INT NOT NULL,
	Circuit varchar(200) NOT NULL,	
	GrandsPrix varchar(200) NOT NULL,		
	TypeRefID INT,	
	DirectionRefID INT,	
	LastLengthUsed DECIMAL(5,3),	
	GrandsPrixHeld INT
);

ALTER TABLE dbo.Circuits ADD CONSTRAINT PK_Circuits_CircuitID PRIMARY KEY (CircuitID);

CREATE TABLE dbo.CircuitImages
(
	ImageID INT IDENTITY(1,1) NOT NULL,
	CircuitID INT,
	ImageURL nvarchar(1000)
);

ALTER TABLE dbo.CircuitImages ADD CONSTRAINT PK_CircuitImages_ImageID PRIMARY KEY (ImageID);

CREATE TABLE dbo.CircuitsLocation
(
	LocationID INT IDENTITY(1,1) NOT NULL,
	CircuitID INT,
	CircuitLocation varchar(50),
	CountryID INT,
	Locale varchar(50),
	Longitude varchar(100),
	Latitude varchar(100)
);

ALTER TABLE dbo.CircuitsLocation ADD CONSTRAINT PK_CircuitsLocation_LocationID PRIMARY KEY (LocationID);

CREATE TABLE dbo.CircuitSeasons
(
	ID INT IDENTITY(1,1) NOT NULL,
	CircuitID INT,	
	SeasonID INT
);

ALTER TABLE dbo.CircuitSeasons ADD CONSTRAINT PK_CircuitSeasons_ID PRIMARY KEY (ID);

/*
****************************
CREATE THE RELATIONSHIPS 
****************************
*/

ALTER TABLE dbo.Drivers ADD CONSTRAINT FK_Drivers_CountryID FOREIGN KEY (CountryID) REFERENCES Ref.Country(CountryID);

ALTER TABLE dbo.DriversSeasons ADD CONSTRAINT FK_DriversSeasons_DriverID  FOREIGN KEY (DriverID) REFERENCES dbo.Drivers(DriverID);
ALTER TABLE dbo.DriversSeasons ADD CONSTRAINT FK_DriversSeasons_SeasonRefID  FOREIGN KEY (SeasonRefID) REFERENCES Ref.Seasons(SeasonRefID);

ALTER TABLE dbo.DriversChampionships ADD CONSTRAINT FK_DriversChampionships_DriverID  FOREIGN KEY (DriverID) REFERENCES dbo.Drivers(DriverID);
ALTER TABLE dbo.DriversChampionships ADD CONSTRAINT FK_DriversChampionships_SeasonRefID  FOREIGN KEY (SeasonRefID) REFERENCES Ref.Seasons(SeasonRefID);

ALTER TABLE dbo.CircuitsLocation ADD CONSTRAINT FK_CircuitsLocation_CountryID  FOREIGN KEY (CountryID) REFERENCES Ref.Country(CountryID);
ALTER TABLE dbo.CircuitsLocation ADD CONSTRAINT FK_CircuitsLocation_CircuitID  FOREIGN KEY (CircuitID) REFERENCES dbo.Circuits(CircuitID);

ALTER TABLE dbo.CircuitImages ADD CONSTRAINT FK_CircuitImages_CircuitID  FOREIGN KEY (CircuitID) REFERENCES dbo.Circuits(CircuitID);

ALTER TABLE dbo.Circuits ADD CONSTRAINT FK_Circuits_TypeRefID  FOREIGN KEY (TypeRefID) REFERENCES Ref.CircuitType(TypeRefID);
ALTER TABLE dbo.Circuits ADD CONSTRAINT FK_Circuits_DirectionRefID  FOREIGN KEY (DirectionRefID) REFERENCES Ref.CircuitDirections(DirectionRefID);

ALTER TABLE dbo.ConstructorNationality ADD CONSTRAINT FK_ConstructorNationality_ConstructorID  FOREIGN KEY (ContructorID) REFERENCES dbo.Constructors(ConstructorID);
ALTER TABLE dbo.ConstructorNationality ADD CONSTRAINT FK_ConstructorNationality_CountryID  FOREIGN KEY (CountryID) REFERENCES Ref.Country(CountryID);

ALTER TABLE dbo.ConstructorsSeasons ADD CONSTRAINT FK_ConstructorsSeasons_ConstructorID  FOREIGN KEY (ConstructorID) REFERENCES dbo.Constructors(ConstructorID);
ALTER TABLE dbo.ConstructorsSeasons ADD CONSTRAINT FK_ConstructorsSeasons_SeasonRefID  FOREIGN KEY (SeasonID) REFERENCES Ref.Seasons(SeasonRefID);

ALTER TABLE dbo.Constructors ADD CONSTRAINT FK_Constructors_CountryID  FOREIGN KEY (CountryID) REFERENCES Ref.Country(CountryID);

ALTER TABLE dbo.CircuitSeasons ADD CONSTRAINT FK_CircuitSeasons_CircuitID  FOREIGN KEY (CircuitID) REFERENCES dbo.Circuits(CircuitID);
ALTER TABLE dbo.CircuitSeasons ADD CONSTRAINT FK_CircuitSeasons_SeasonRefID  FOREIGN KEY (SeasonID) REFERENCES Ref.Seasons(SeasonRefID);

GO

INSERT INTO [Ref].[Country] (Country,CountryID)
VALUES
('Germany',1),
('France',2),
('United Kingdom',3),
('New Zealand',4),
('Italy',5),
('Switzerland',6),
('Netherlands',7),
('Malaysia',8),
('South Africa',9),
('United States',10),
('East Germany',11),
('Belgium',12),
('Brazil',13),
('India',14),
('Spain',15),
('Japan',16),
('Ireland',17),
('Russia',18),
('Australia',19),
('Rhodesia',20),
('Mexico',21),
('Canada',22),
('Hong Kong',23),
('Morocco',24),
('Portugal',25),
('Argentina',26),
('Bahrain',27),
('Azerbaijan',28),
('Monaco',29),
('Hungary',30),
('Turkey',31),
('Saudi Arabia',32),
('South Korea',33),
('Qatar',34),
('Singapore',35),
('Austria',36),
('Sweden',37),
('China',38),
('United Arab Emirates',39),
('West Germany',40),
('Thailand',41),
('East Germany, West Germany',42),
('Denmark',43),
('Finland',44),
('Switzerland',45),
('Uruguay',46),
('Venezuela',47),
('Czech Republic',48),
('Colombia',49),
('Indonesia',50),
('Rhodesia and Nyasaland',51),
('Poland',52),
('Russian Automobile Federation',53),
('Liechtenstein',54),
('Chile',55)

INSERT INTO [Ref].[CircuitDirections] ([Direction],[DirectionRefID])
VALUES
('Clockwise',1),
('Anti-clockwise',2),
('Part clockwise and part anti-clockwise (figure eight)',3)

INSERT INTO [Ref].[CircuitType]([CircuitType],[TypeRefID])
VALUES
('Street circuit',1),
('Road circuit',2),
('Street circuit',3),
('Race circuit',4)

INSERT INTO [Ref].[Seasons]([Season],[SeasonRefID])
VALUES
(1950,1),
(1951,2),
(1952,3),
(1953,4),
(1954,5),
(1955,6),
(1956,7),
(1957,8),
(1958,9),
(1959,10),
(1960,11),
(1961,12),
(1962,13),
(1963,14),
(1964,15),
(1965,16),
(1966,17),
(1967,18),
(1968,19),
(1969,20),
(1970,21),
(1971,22),
(1972,23),
(1973,24),
(1974,25),
(1975,26),
(1976,27),
(1977,28),
(1978,29),
(1979,30),
(1980,31),
(1981,32),
(1982,33),
(1983,34),
(1984,35),
(1985,36),
(1986,37),
(1987,38),
(1988,39),
(1989,40),
(1990,41),
(1991,42),
(1992,43),
(1993,44),
(1994,45),
(1995,46),
(1996,47),
(1997,48),
(1998,49),
(1999,50),
(2000,51),
(2001,52),
(2002,53),
(2003,54),
(2004,55),
(2005,56),
(2006,57),
(2007,58),
(2008,59),
(2009,60),
(2010,61),
(2011,62),
(2012,63),
(2013,64),
(2014,65),
(2015,66),
(2016,67),
(2017,68),
(2018,69),
(2019,70),
(2020,71),
(2021,72),
(2022,73),
(2023,74)

INSERT INTO [dbo].[Drivers] ([DriverName], [DriverID], [CountryID], [RaceEntries], [RaceStarts], [PolePositions], [RaceWins], [Podiums], [FastestLaps], [Points])
VALUES
('Robin Montgomerie-Charrington',136,3,1,1,0,0,0,0,0),
('Philip Fotheringham-Parker',87,3,1,1,0,0,0,0,0),
('Alberto Rodriguez Larreta',358,26,1,1,0,0,0,0,0),
('Maria Teresa de Filippis',300,5,5,3,0,0,0,0,0),
('Alessandro Pesenti-Rossi',594,5,4,3,0,0,0,0,0),
('Jean-Christophe Boullion',775,2,11,11,0,0,0,0,3),
('Emmanuel de Graffenried',56,6,23,22,0,0,0,0,9),
('Carel Godin de Beaufort',285,7,31,28,0,0,0,0,4),
('Asdrúbal Fontes Bayardo',324,46,1,0,0,0,0,0,0),
('Hermano da Silva Ramos',236,13,7,7,0,0,0,0,2),
('Mário de Araújo Cabral',337,25,5,4,0,0,0,0,0),
('Gianfranco Brancatelli',638,5,3,0,0,0,0,0,0),
('Jacques Villeneuve Sr.',665,22,3,0,0,0,0,0,0),
('Domenico Schiattarella',768,5,7,6,0,0,0,0,0),
('Yves Giraud-Cabantous',52,2,13,13,0,0,0,0,5),
('José Froilán González',68,26,26,26,3,2,15,6,72.14),
('John Riseley-Prichard',217,3,1,1,0,0,0,0,0),
('Herbert MacKay-Fraser',275,10,1,1,0,0,0,0,0),
('Jean-Pierre Jabouille',559,2,55,49,6,2,2,0,21),
('Pierre-Henri Raphanel',708,2,17,1,0,0,0,0,0),
('Heinz-Harald Frentzen',773,1,160,156,2,3,18,6,174),
('Oscar Alfredo Gálvez',180,26,1,1,0,0,0,0,2),
('Desmond Titterington',255,3,1,1,0,0,0,0,0),
('Casimiro de Oliveira',296,25,1,0,0,0,0,0,0),
('Jean-Pierre Beltoise',480,2,88,86,0,1,8,4,77),
('Jean-Louis Schlesser',680,2,2,1,0,0,0,0,0),
('Christian Fittipaldi',748,13,43,40,0,0,0,0,12),
('Giancarlo Fisichella',784,5,231,229,4,3,19,2,275),
('Juan Manuel Fangio^',36,26,52,51,29,24,35,23,245),
('Birabongse Bhanudej',54,41,19,19,0,0,0,0,8),
('Maurice Trintignant',74,2,84,82,0,2,10,1,72.33),
('Karl-Günther Bechem',147,40,2,2,0,0,0,0,0),
('Adolfo Schwelm Cruz',187,26,1,1,0,0,0,0,0),
('Ottorino Volonterio',229,6,3,3,0,0,0,0,0),
('Eugenio Castellotti',239,5,14,14,1,0,3,0,19.5),
('Alejandro de Tomaso',286,26,2,2,0,0,0,0,0),
('John Campbell-Jones',410,3,2,2,0,0,0,0,0),
('Ludovico Scarfiotti',427,5,12,10,0,1,1,1,17),
('Johnny Servoz-Gavin',478,2,13,12,0,0,1,0,9),
('Emerson Fittipaldi^',511,13,149,144,6,14,35,6,281),
('Kunimitsu Takahashi',613,16,1,1,0,0,0,0,0),
('Michael Bleekemolen',614,7,5,1,0,0,0,0,0),
('Miguel Ángel Guerra',657,26,4,1,0,0,0,0,0),
('Michael Schumacher^',740,1,308,306,68,91,155,77,1566),
('Roland Ratzenberger',765,36,3,1,0,0,0,0,0),
('Jean-Denis Délétraz',766,6,3,3,0,0,0,0,0),
('Jacques Villeneuve^',782,22,165,163,13,11,23,9,235),
('Giedo van der Garde',865,7,19,19,0,0,0,0,0),
('Antonio Giovinazzi*',888,5,59,58,0,0,0,0,19),
('Clemente Biondetti',3,5,1,1,0,0,0,0,0),
('Brian Shawe-Taylor',31,3,3,2,0,0,0,0,0),
('Philippe Étancelin',43,2,12,12,0,0,0,0,3),
('Charles de Tornaco',155,12,4,2,0,0,0,0,0),
('Archie Scott Brown',253,3,1,1,0,0,0,0,0),
('Alfonso de Portago',257,15,5,5,0,0,1,0,4),
('Wolfgang von Trips',265,40,29,27,1,2,6,0,56),
('Stuart Lewis-Evans',277,3,14,14,2,0,2,0,16),
('Christian Goethals',291,12,1,1,0,0,0,0,0),
('George Constantine',322,10,1,1,0,0,0,0,0),
('Juan Manuel Bordeu',373,26,1,0,0,0,0,0,0),
('Giancarlo Baghetti',391,5,21,21,0,1,1,1,14),
('Roberto Bussinello',394,5,3,2,0,0,0,0,0),
('Jean-Pierre Jarier',527,2,143,135,3,0,3,3,31.5),
('Hans-Joachim Stuck',565,40,81,74,0,0,2,0,29),
('Vittorio Brambilla',566,5,79,74,1,1,1,1,15.5),
('Mikko Kozarowitzky',610,44,2,0,0,0,0,0,0),
('Manfred Winkelhock',654,40,56,47,0,0,0,0,2),
('Piercarlo Ghinzani',666,5,111,74,0,0,0,0,2),
('Alessandro Nannini',696,5,78,76,0,1,9,2,65),
('Joachim Winkelhock',715,40,7,0,0,0,0,0,0),
('Olivier Grouillard',721,2,62,41,0,0,0,0,1),
('Alessandro Zanardi',736,5,44,41,0,0,0,0,1),
('Rubens Barrichello',759,13,326,322,14,11,68,17,658),
('Massimiliano Papis',776,5,7,7,0,0,0,0,0),
('Juan Pablo Montoya',805,49,95,94,13,7,30,12,307),
('Cristiano da Matta',819,13,28,28,0,0,0,0,13),
('Patrick Friesacher',825,36,11,11,0,0,0,0,3),
('Narain Karthikeyan',831,14,48,46,0,0,0,0,5),
('Sébastien Bourdais',847,2,27,27,0,0,0,0,6),
('Geoffrey Crossley',6,3,2,2,0,0,0,0,0),
('Tony Bettenhausen',71,10,11,11,0,0,1,1,11),
('Dries van der Lof',134,7,1,1,0,0,0,0,0),
('Helmut Niedermayr',137,40,1,1,0,0,0,0,0),
('Carlos Menditeguy',202,26,11,10,0,0,1,0,9),
('Giorgio Scarlatti',264,5,15,12,0,0,0,0,1),
('Olivier Gendebien',270,12,15,14,0,0,2,0,18),
('Bernie Ecclestone',290,3,2,0,0,0,0,0,0),
('Jean Lucienbonnet',325,2,1,0,0,0,0,0,0),
('Gaetano Starrabba',381,5,1,1,0,0,0,0,0),
('Ricardo Rodríguez',385,21,6,5,0,0,0,0,4),
('Syd van der Vyver',407,9,1,0,0,0,0,0,0),
('Ernesto Brambilla',437,5,2,0,0,0,0,0,0),
('Jean-Claude Rudaz',439,6,1,0,0,0,0,0,0),
('Jonathan Williams',473,3,1,1,0,0,0,0,0),
('Andrea de Adamich',493,5,36,30,0,0,0,0,6),
('Wilson Fittipaldi',530,13,38,35,0,0,0,0,3),
('Patrick Depailler',538,2,95,95,1,2,19,4,139),
('Karl Oppitzhauser',593,36,1,0,0,0,0,0,0),
('Kazuyoshi Hoshino',600,16,2,2,0,0,0,0,0),
('Noritake Takahara',603,16,2,2,0,0,0,0,0),
('Emilio de Villota',607,15,15,2,0,0,0,0,0),
('Bernard de Dryver',615,12,2,0,0,0,0,0,0),
('Gilles Villeneuve',621,22,68,67,2,6,13,8,101),
('Andrea de Cesaris',653,5,214,208,1,0,5,1,59),
('François Hesnault',683,2,21,19,0,0,0,0,0),
('Pierluigi Martini',684,5,124,118,0,0,0,0,18),
('Huub Rothengatter',685,7,30,25,0,0,0,0,0),
('Gabriele Tarquini',705,5,79,38,0,0,0,0,1),
('Maurício Gugelmin',710,13,80,74,0,0,1,1,10),
('Gianni Morbidelli',729,5,70,67,0,0,1,0,8.5),
('Eric van de Poele',734,12,29,5,0,0,0,0,0),
('Fabrizio Barbazza',742,5,20,8,0,0,0,0,2),
('Emanuele Naspetti',747,5,6,6,0,0,0,0,0),
('Andrea Montermini',769,5,29,20,0,0,0,0,0),
('Toranosuke Takagi',792,16,32,32,0,0,0,0,0),
('Stéphane Sarrazin',793,2,1,1,0,0,0,0,0),
('Zsolt Baumgartner',818,30,20,20,0,0,0,0,1),
('Christijan Albers',829,7,46,46,0,0,0,0,4),
('Vitantonio Liuzzi',830,5,81,80,0,0,0,0,26),
('Markus Winkelhock',839,1,1,1,0,0,0,0,0),
('Heikki Kovalainen',842,44,112,111,1,1,4,2,105),
('Nelson Piquet Jr.',848,13,28,28,0,0,1,0,19),
('Jaime Alguersuari',849,15,46,46,0,0,0,0,31),
('Jérôme d''Ambrosio',858,12,20,20,0,0,0,0,0),
('Daniel Ricciardo*',862,19,207,206,3,8,32,16,1264),
('Esteban Gutiérrez',868,21,59,59,0,0,0,1,6),
('Carlos Sainz Jr.*',878,15,138,136,0,0,5,1,502.5),
('Stoffel Vandoorne',883,12,42,41,0,0,0,0,26),
('Pietro Fittipaldi',895,13,2,2,0,0,0,0,0),
('Georges Grignard',89,2,1,1,0,0,0,0,0),
('George Abecassis',95,3,2,2,0,0,0,0,0),
('Carl Scarborough',113,10,2,2,0,0,0,0,0),
('Rudolf Schoeller',143,6,1,1,0,0,0,0,0),
('Graham Whitehead',146,3,1,1,0,0,0,0,0),
('Kenneth McAlpine',156,3,7,7,0,0,0,0,0),
('Sergio Mantovani',195,5,8,7,0,0,0,0,4),
('Umberto Maglioli',199,5,10,10,0,0,2,0,3.33),
('Shorty Templeman',249,10,5,3,0,0,0,0,0),
('Peter Monteverdi',377,6,1,0,0,0,0,0,0),
('Günther Seiffert',404,40,1,0,0,0,0,0,0),
('Jackie Pretorius',463,9,4,3,0,0,0,0,0),
('Basil van Rooyen',486,9,2,2,0,0,0,0,0),
('William Ferguson',529,9,1,0,0,0,0,0,0),
('Carlos Reutemann',535,26,146,146,6,12,45,6,298),
('François Migault',536,2,16,13,0,0,0,0,0),
('Roger Williamson',542,3,2,2,0,0,0,0,0),
('Gérard Larrousse',555,2,2,1,0,0,0,0,0),
('Roelof Wunderink',578,7,6,3,0,0,0,0,0),
('Masami Kuwashima',591,16,1,0,0,0,0,0,0),
('Bruno Giacomelli',622,5,82,69,1,0,1,0,14),
('Riccardo Patrese',623,5,257,256,8,6,37,13,281),
('Patrick Gaillard',639,2,5,2,0,0,0,0,0),
('Stefan Johansson',655,37,103,79,0,0,12,0,88),
('Michele Alboreto',664,5,215,194,2,5,23,5,186.5),
('Riccardo Paletti',668,5,8,2,0,0,0,0,0),
('Roberto Guerrero',670,49,29,21,0,0,0,0,0),
('Philippe Streiff',686,2,54,53,0,0,1,0,11),
('Christian Danner',692,40,47,36,0,0,0,0,4),
('Enrico Bertaggia',713,5,6,0,0,0,0,0,0),
('Michael Andretti',753,10,13,13,0,0,1,0,7),
('Jean-Marc Gounon',756,2,9,9,0,0,0,0,0),
('Giovanni Lavaggi',777,5,10,7,0,0,0,0,0),
('Norberto Fontana',785,26,4,4,0,0,0,0,0),
('Vincenzo Sospiri',786,5,1,0,0,0,0,0,0),
('Pedro de la Rosa',796,15,107,104,0,0,1,1,35),
('Gastón Mazzacane',798,26,21,21,0,0,0,0,0),
('Enrique Bernoldi',803,13,29,28,0,0,0,0,0),
('Anthony Davidson',814,3,24,24,0,0,0,0,0),
('Antônio Pizzonia',820,13,20,20,0,0,0,0,8),
('Sebastian Vettel',845,1,277,275,57,53,122,38,3060),
('Pastor Maldonado',860,47,96,95,1,1,1,0,76),
('Jean-Éric Vergne',864,2,58,58,0,0,0,0,51),
('Valtteri Bottas*',869,44,176,174,20,10,65,19,1697),
('Charles Leclerc*',890,29,78,76,9,2,13,4,539),
('Nicholas Latifi*',896,22,36,35,0,0,0,0,7),
('Mick Schumacher*',898,1,19,18,0,0,0,0,0),
('David Hampshire',9,3,2,2,0,0,0,0,0),
('Bayliss Levrett',12,10,3,1,0,0,0,0,0),
('Dorino Serafini',17,5,1,1,0,0,1,0,3),
('Consalvo Sanesi',30,5,5,5,0,0,0,0,3),
('Johnny McDowell',44,10,3,3,0,0,0,0,0),
('Peter Whitehead',55,3,12,10,0,0,1,0,4),
('Alberto Ascari^',57,5,33,32,14,13,17,12,107.64),
('Luigi Villoresi',65,5,34,31,0,0,8,1,46),
('Fred Agabashian',66,10,9,8,1,0,0,0,1.5),
('Johnnie Parsons',69,10,9,9,0,1,1,1,12),
('Duncan Hamilton',102,3,5,5,0,0,0,0,0),
('Chuck Stevenson',108,10,5,5,0,0,0,0,0),
('Jacques Swaters',116,12,8,7,0,0,0,0,0),
('Albert Scherrer',186,6,1,1,0,0,0,0,0),
('Marshall Teague',194,10,5,3,0,0,0,0,0),
('Wolfgang Seidel',209,40,12,10,0,0,0,0,0),
('Giovanni de Riu',218,5,1,0,0,0,0,0,0),
('Bill Whitehouse',220,3,1,1,0,0,0,0,0),
('Bill Cheesbourg',280,10,4,3,0,0,0,0,0),
('François Picard',297,2,1,1,0,0,0,0,0),
('Luigi Taramazzo',298,5,1,0,0,0,0,0,0),
('Jerry Unser Jr.',299,10,1,1,0,0,0,0,0),
('Giulio Cabianca',304,5,4,3,0,0,0,0,3),
('Harry Blanchard',319,10,1,1,0,0,0,0,0),
('Alain de Changy',321,12,1,0,0,0,0,0,0),
('Lance Reventlow',357,10,4,1,0,0,0,0,0),
('Renato Pirocchi',379,5,1,1,0,0,0,0,0),
('Nino Vaccarella',386,5,5,4,0,0,0,0,0),
('Bernard Collomb',388,2,6,4,0,0,0,0,0),
('Lorenzo Bandini',392,5,42,42,1,1,8,2,58),
('Jay Chamberlain',395,10,3,1,0,0,0,0,0),
('Bruce Johnstone',398,9,1,1,0,0,0,0,0),
('Ernesto Prinoth',401,5,1,0,0,0,0,0,0),
('Neville Lederle',416,9,2,1,0,0,0,0,1),
('Pedro Rodríguez',430,21,54,54,0,2,7,1,71),
('Brausch Niemann',433,9,2,1,0,0,0,0,0),
('Richard Attwood',440,3,17,16,0,0,1,1,11),
('Jackie Stewart^',458,3,100,99,17,27,43,15,359),
('Kurt Ahrens Jr.',467,40,4,4,0,0,0,0,0),
('Mario Andretti^',490,10,131,128,18,12,19,10,180),
('Henri Pescarolo',495,2,64,57,0,0,1,1,12),
('Alex Soler-Roig',503,15,10,6,0,0,0,0,0),
('François Cevert',504,2,47,46,0,1,13,2,89),
('Ronnie Peterson',510,37,123,123,14,10,26,9,206),
('Gijs van Lennep',526,7,10,8,0,0,0,0,2),
('Arturo Merzario',532,5,85,57,0,0,0,0,11),
('Jody Scheckter^',533,9,113,112,3,10,33,5,246),
('Helmuth Koinigg',554,36,3,2,0,0,0,0,0),
('Richard Robarts',556,3,4,3,0,0,0,0,0),
('Jacques Laffite',567,2,180,176,7,6,32,7,228),
('Hiroshi Fushida',573,16,2,0,0,0,0,0,0),
('Masahiro Hasemi',590,16,1,1,0,0,0,0,0),
('Otto Stuppacher',595,36,3,0,0,0,0,0,0),
('Conny Andersson',597,37,5,1,0,0,0,0,0),
('Giorgio Francia',624,5,2,0,0,0,0,0,0),
('Alberto Colombo',625,5,3,0,0,0,0,0,0),
('Elio de Angelis',642,5,109,108,3,2,9,0,122),
('Ricardo Londoño',658,49,1,0,0,0,0,0,0),
('Siegfried Stohr',659,5,13,9,0,0,0,0,0),
('Jonathan Palmer',677,3,88,83,0,0,0,1,14),
('Thierry Boutsen',678,12,164,163,1,3,15,1,132),
('Philippe Alliot',688,2,116,109,0,0,0,0,7),
('Johnny Dumfries',695,3,16,15,0,0,0,0,3),
('Satoru Nakajima',702,16,80,74,0,0,0,1,16),
('Luis Pérez-Sala',707,15,32,26,0,0,0,0,1),
('Bernd Schneider',709,40,34,9,0,0,0,0,0),
('Martin Donnelly',717,3,15,13,0,0,0,0,0),
('Bertrand Gachot',722,12,84,47,0,0,0,1,5),
('Michael Bartels',731,1,4,0,0,0,0,0,0),
('Karl Wendlinger',737,36,42,41,0,0,0,0,14),
('Olivier Beretta',762,29,10,9,0,0,0,0,0),
('David Coulthard',774,3,247,246,12,13,62,18,535),
('Ralf Schumacher',789,1,181,180,6,6,27,8,329),
('Fernando Alonso',808,15,333,329,22,32,97,23,1959),
('Gianmaria Bruni',821,5,18,18,0,0,0,0,0),
('Giorgio Pantano',822,5,15,14,0,0,0,0,0),
('Christian Klien',823,36,51,49,0,0,0,0,14),
('Robert Doornbos',826,29,11,11,0,0,0,0,0),
('Franck Montagny',833,2,7,7,0,0,0,0,0),
('Kazuki Nakajima',840,16,36,36,0,0,0,0,9),
('Sébastien Buemi',850,6,55,55,0,0,0,0,29),
('Kamui Kobayashi',851,16,76,75,0,0,1,1,125),
('Romain Grosjean',852,2,181,179,0,0,10,1,391),
('Lucas di Grassi',853,13,19,18,0,0,0,0,0),
('Nico Hülkenberg',857,1,182,179,1,0,0,2,521),
('Marcus Ericsson',873,37,97,97,0,0,0,0,18),
('Kevin Magnussen',874,43,120,119,0,0,1,2,158),
('Alexander Rossi',876,10,7,5,0,0,0,0,0),
('Max Verstappen*',879,7,138,137,12,19,56,14,1474.5),
('Pascal Wehrlein',882,1,40,39,0,0,0,0,6),
('Brendon Hartley',885,4,25,25,0,0,0,0,4),
('Sergey Sirotkin',889,18,21,21,0,0,0,0,1),
('Alexander Albon',891,41,38,38,0,0,2,0,197),
('George Russell*',893,3,57,56,0,0,1,1,19),
('Nikita Mazepin*',897,53,19,18,0,0,0,0,0),
('Leslie Johnson',11,3,1,1,0,0,0,0,0),
('Raymond Sommer',18,2,5,5,0,0,0,0,3),
('Eugène Chaboud',21,2,3,3,0,0,0,0,1),
('Bill Schindler',48,10,3,3,0,0,0,0,0),
('Felice Bonetto',51,5,16,15,0,0,2,0,17.5),
('Franco Comotti',75,5,2,2,0,0,0,0,0),
('Ken Richardson',94,3,1,0,0,0,0,0,0),
('Cliff Griffith',101,10,7,3,0,0,0,0,0),
('Onofre Marimón',114,26,12,11,0,0,2,1,8.14),
('Alberto Crespo',125,26,1,0,0,0,0,0,0),
('Ludwig Fischer',128,40,1,0,0,0,0,0,0),
('Jan Flinterman',129,7,1,1,0,0,0,0,0),
('Robert O''Brien',138,10,1,1,0,0,0,0,0),
('Mike Hawthorn^',167,3,47,45,4,3,18,6,112.64),
('Georges Berger',190,12,2,2,0,0,0,0,0),
('Roberto Mieres',196,26,17,17,0,0,0,1,13),
('Johnny Thomson',204,10,8,8,1,0,1,1,10),
('Larry Crockett',212,10,1,1,0,0,0,0,0),
('Jacques Pollet',224,2,5,5,0,0,0,0,0),
('Jesús Iglesias',231,26,1,1,0,0,0,0,0),
('Cesare Perdisa',240,5,8,8,0,0,2,0,5),
('Óscar González',251,46,1,1,0,0,0,0,0),
('Masten Gregory',284,10,43,38,0,0,3,0,21),
('Robert La Caze',295,24,1,1,0,0,0,0,0),
('Carroll Shelby',302,10,8,8,0,0,0,0,0),
('Paul Goldsmith',306,10,3,3,0,0,1,0,6),
('Dempsey Wilson',316,10,5,2,0,0,0,0,0),
('Lucien Bianchi',341,12,19,17,0,0,1,0,6),
('Roberto Bonomi',347,26,1,1,0,0,0,0,0),
('Ettore Chimeri',348,47,1,1,0,0,0,0,0),
('Alfonso Thiele',359,10,1,1,0,0,0,0,0),
('Bud Tingelstad',360,10,1,1,0,0,0,0,0),
('Willy Mairesse',364,12,13,12,0,0,1,0,7),
('Richie Ginther',365,10,54,52,0,1,14,3,102),
('Nasif Estéfano',370,26,2,1,0,0,0,0,0),
('Massimo Natili',378,5,2,1,0,0,0,0,0),
('Heinz Schiller',402,6,1,1,0,0,0,0,0),
('Rob Slotemaker',406,7,1,0,0,0,0,0,0),
('Tony Settember',411,10,7,6,0,0,0,0,0),
('Ernie Pieterse',412,9,3,2,0,0,0,0,0),
('Doug Serrurier',413,9,3,2,0,0,0,0,0),
('Thomas Monarch',420,10,1,0,0,0,0,0,0),
('Peter Arundell',422,3,13,11,0,0,2,0,12),
('Gerhard Mitter',423,40,7,5,0,0,0,0,3),
('Trevor Blokdyk',432,9,2,1,0,0,0,0,0),
('Peter de Klerk',436,9,4,4,0,0,0,0,0),
('Ronnie Bucknum',442,10,11,11,0,0,0,0,2),
('Alan Rollinson',456,3,1,0,0,0,0,0,0),
('Chris Lawrence',464,3,2,2,0,0,0,0,0),
('Dieter Quester',499,36,2,1,0,0,0,0,0),
('Ignazio Giunti',500,5,4,4,0,0,0,0,3),
('Peter Westbury',502,3,2,1,0,0,0,0,0),
('Rolf Stommelen',509,40,63,54,0,0,1,0,14),
('Clay Regazzoni',513,6,139,132,5,5,28,15,209),
('François Mazet',517,2,1,1,0,0,0,0,0),
('George Follmer',540,10,13,12,0,0,1,0,5),
('Rikky von Opel',544,54,14,10,0,0,0,0,0),
('John Nicholson',558,4,2,1,0,0,0,0,0),
('Lella Lombardi',560,5,17,12,0,0,0,0,0.5),
('Michel Leclère',580,2,8,7,0,0,0,0,0),
('Gunnar Nilsson',602,37,32,31,0,1,4,1,31),
('Andy Sutcliffe',612,3,1,0,0,0,0,0,0),
('Lamberto Leoni',616,5,5,1,0,0,0,0,0),
('Patrick Tambay',619,2,123,114,5,2,11,2,103),
('Héctor Rebaque',620,21,58,41,0,0,0,0,13),
('Nelson Piquet^',634,13,207,204,24,23,60,23,481.5),
('Beppe Gabbiani',637,5,17,3,0,0,0,0,0),
('Ricardo Zunino',640,26,11,10,0,0,0,0,0),
('Nigel Mansell^',651,3,191,187,32,31,59,30,480),
('Mike Thackwell',656,4,5,2,0,0,0,0,0),
('Eliseo Salazar',661,55,37,24,0,0,0,0,3),
('Roberto Moreno',673,13,77,42,0,0,1,1,15),
('Danny Sullivan',674,10,15,15,0,0,0,0,2),
('Johnny Cecotto',675,47,23,18,0,0,0,0,1),
('Martin Brundle',687,3,165,158,0,0,9,0,98),
('Gerhard Berger',691,36,210,210,12,10,48,21,385),
('Yannick Dalmas',701,2,49,24,0,0,0,0,0),
('Stefano Modena',703,5,81,70,0,0,2,0,17),
('Oscar Larrauri',706,26,21,8,0,0,0,0,0),
('Volker Weidler',714,40,10,0,0,0,0,0,0),
('Emanuele Pirro',719,5,40,37,0,0,0,0,3),
('Johnny Herbert',725,3,165,161,0,3,7,0,98),
('Claudio Langes',728,5,14,0,0,0,0,0,0),
('Mika Häkkinen^',738,44,165,161,26,20,51,25,420),
('Giovanna Amati',744,5,3,0,0,0,0,0,0),
('Perry McCarthy',746,3,11,0,0,0,0,0,0),
('Marco Apicella',754,5,1,1,0,0,0,0,0),
('Philippe Adams',761,12,2,2,0,0,0,0,0),
('Franck Lagorce',763,2,2,2,0,0,0,0,0),
('Jos Verstappen',770,7,107,106,0,0,2,0,17),
('Ricardo Rosset',781,13,33,26,0,0,0,0,0),
('Alexander Wurz',788,36,69,69,0,0,3,1,45),
('Jenson Button^',800,3,309,306,8,15,50,8,1235),
('Kimi Räikkönen',806,44,350,345,18,21,103,46,1873),
('Tiago Monteiro',828,25,37,37,0,0,1,0,7),
('Sakon Yamamoto',835,16,21,21,0,0,0,0,0),
('Robert Kubica*',836,52,99,99,1,1,12,1,274),
('Lewis Hamilton',843,3,285,284,101,100,178,58,4071.5),
('Karun Chandhok',854,14,11,11,0,0,0,0,0),
('André Lotterer',870,1,1,1,0,0,0,0,0),
('Bill Cantrell',4,10,2,1,0,0,0,0,0),
('Joie Chitwood',5,10,1,1,0,0,0,0,1),
('Cuth Harrison',10,3,3,3,0,0,0,0,0),
('Eugène Martin',13,2,2,2,0,0,0,0,0),
('Charles Pozzi',16,2,1,1,0,0,0,0,0),
('Luigi Fagioli',22,5,7,7,0,1,6,0,28),
('Mack Hellings',24,10,2,2,0,0,0,0,0),
('Pierre Levegh',26,2,6,6,0,0,0,0,0),
('Henri Louveau',27,2,2,2,0,0,0,0,0),
('Walt Faulkner',35,10,6,5,1,0,0,0,1),
('Duke Dinsmore',39,10,6,4,0,0,0,0,0),
('George Connor',42,10,4,3,0,0,0,0,0),
('Piero Taruffi',50,5,19,18,0,1,5,1,41),
('Robert Manzon',63,2,29,28,0,0,2,0,16),
('Jackie Holmes',80,10,4,2,0,0,0,0,0),
('Jimmy Jackson',84,10,3,2,0,0,0,0,0),
('Dick Rathmann',85,10,6,5,1,0,0,0,2),
('Erik Lundgren',92,37,1,0,0,0,0,0,0),
('Bill Vukovich',109,10,6,5,1,2,2,3,19),
('Stirling Moss',112,3,67,66,16,16,24,19,185.64),
('André Pilette',117,12,14,9,0,0,0,0,2),
('Eitel Cantoni',124,46,3,3,0,0,0,0,0),
('Roger Laurent',133,12,2,2,0,0,0,0,0),
('Eric Thompson',144,3,1,1,0,0,0,0,2),
('Ernst Klodwig',151,11,2,2,0,0,0,0,0),
('Rudolf Krause',152,11,2,2,0,0,0,0,0),
('Theo Helfrich',158,40,3,3,0,0,0,0,0),
('Lance Macklin',161,3,15,13,0,0,0,0,0),
('Peter Collins',166,3,35,32,0,3,9,0,47),
('Eddie Johnson',171,10,9,9,0,0,0,0,1),
('Roy Salvadori',172,3,50,47,0,0,2,0,19),
('George Fonder',174,10,5,2,0,0,0,0,0),
('Helm Glöckler',181,40,1,0,0,0,0,0,0),
('Rodney Nuckey',185,3,2,1,0,0,0,0,0),
('Jimmy Stewart',189,3,1,1,0,0,0,0,0),
('Hans Herrmann',198,40,19,17,0,0,1,1,10),
('Jimmy Daywalt',200,10,10,6,0,0,0,0,0),
('Jorge Daponte',213,26,2,2,0,0,0,0,0),
('Leslie Thorne',219,3,1,1,0,0,0,0,0),
('Ron Flockhart',230,3,14,14,0,0,1,0,5),
('Ted Whiteaway',234,3,1,0,0,0,0,0,0),
('Keith Andrews',235,10,3,2,0,0,0,0,0),
('Jack Brabham^',246,19,128,126,13,14,31,12,253),
('Colin Chapman',250,3,1,0,0,0,0,0,0),
('André Milhoux',252,12,1,1,0,0,0,0,0),
('Bruce Halford',258,3,9,8,0,0,0,0,0),
('Johnnie Tolan',259,10,7,3,0,0,0,0,0),
('Billy Garrett',268,10,3,2,0,0,0,0,0),
('Gerino Gerini',269,5,7,6,0,0,0,0,1.5),
('Mike MacDowel',274,3,1,1,0,0,0,0,0),
('Bruce Kessler',294,10,1,0,0,0,0,0,0),
('Cliff Allison',309,3,18,16,0,0,1,0,11),
('Bruce McLaren',313,4,104,100,0,4,27,3,188.5),
('Peter Ashdown',318,3,1,1,0,0,0,0,0),
('Dennis Taylor',329,3,1,0,0,0,0,0,0),
('Chris Bristow',332,3,4,4,0,0,0,0,0),
('Innes Ireland',342,3,53,50,0,1,4,1,47),
('Trevor Taylor',344,3,29,27,0,0,1,0,8),
('Antonio Creus',349,15,1,1,0,0,0,0,0),
('Jim Hurtubise',354,10,1,1,0,0,0,0,0),
('John Surtees^',368,3,113,111,8,6,24,11,180),
('Gerry Ashmore',382,3,4,3,0,0,0,0,0),
('Roberto Lippi',387,5,3,1,0,0,0,0,0),
('Rob Schroeder',403,10,1,1,0,0,0,0,0),
('Peter Broeker',417,22,1,1,0,0,0,0,0),
('Frank Dochnal',418,10,1,0,0,0,0,0,0),
('Mike Hailwood',425,3,50,50,0,0,2,1,29),
('Moisés Solana',428,21,8,8,0,0,0,0,0),
('David Prophet',434,3,2,2,0,0,0,0,0),
('Frank Gardner',441,19,9,8,0,0,0,0,0),
('Jochen Rindt^',444,36,62,60,10,6,13,3,107),
('Giorgio Bassi',448,5,1,1,0,0,0,0,0),
('Alex Blignaut',449,9,1,0,0,0,0,0,0),
('David Clapham',450,9,1,0,0,0,0,0,0),
('Bob Bondurant',457,10,9,9,0,0,0,0,3),
('Dave Charlton',462,9,14,11,0,0,0,0,0),
('Piers Courage',477,3,29,27,0,0,2,0,20),
('Eppie Wietzes',482,22,2,2,0,0,0,0,0),
('Robin Widdows',485,3,1,1,0,0,0,0,0),
('Jackie Oliver',492,3,52,50,0,0,2,1,13),
('Gus Hutchison',501,10,1,1,0,0,0,0,0),
('Mike Beuttler',522,3,29,28,0,0,0,0,0),
('Howden Ganley',523,4,41,35,0,0,0,0,10),
('Vern Schuppan',537,19,13,9,0,0,0,0,0),
('Carlo Facetti',552,5,1,0,0,0,0,0,0),
('Ian Scheckter',564,9,20,18,0,0,0,0,0),
('Larry Perkins',569,19,15,11,0,0,0,0,0),
('Teddy Pilette',570,12,4,1,0,0,0,0,0),
('Jo Vonlanthen',577,6,1,1,0,0,0,0,0),
('Warwick Brown',589,19,1,1,0,0,0,0,0),
('Jac Nellemann',592,43,1,0,0,0,0,0,0),
('Emilio Zapico',596,15,1,0,0,0,0,0,0),
('Ingo Hoffmann',599,13,6,3,0,0,0,0,0),
('Divina Galica',608,3,3,0,0,0,0,0,0),
('Brian McGuire',611,19,2,0,0,0,0,0,0),
('Rupert Keegan',618,3,37,25,0,0,0,0,0),
('Didier Pironi',630,2,72,70,4,3,13,5,101),
('Keke Rosberg^',631,44,128,114,5,5,17,3,159.5),
('Eddie Cheever',636,10,143,132,0,0,9,0,70),
('David Kennedy',644,17,7,0,0,0,0,0,0),
('Stephen South',646,3,1,0,0,0,0,0,0),
('Desiré Wilson',647,9,1,0,0,0,0,0,0),
('Derek Warwick',663,3,162,147,0,0,4,2,71),
('Kenny Acheson',679,3,10,3,0,0,0,0,0),
('Stefan Bellof',682,40,22,20,0,0,0,0,4),
('Ayrton Senna^',689,13,162,161,65,41,80,19,610),
('Franco Forini',699,6,3,2,0,0,0,0,0),
('Adrián Campos',700,15,21,17,0,0,0,0,0),
('Nicola Larini',704,5,75,49,0,0,1,0,7),
('Julian Bailey',712,3,20,7,0,0,0,0,1),
('Paolo Barilla',716,5,15,9,0,0,0,0,0),
('Gregor Foitek',718,6,22,7,0,0,0,0,0),
('David Brabham',730,19,30,24,0,0,0,0,0),
('Naoki Hattori',733,16,2,0,0,0,0,0,0),
('Mark Blundell',743,3,63,61,0,0,3,0,32),
('Andrea Chiesa',745,6,10,3,0,0,0,0,0),
('Ukyo Katayama',749,16,97,95,0,0,0,0,5),
('Paul Belmondo',752,2,27,7,0,0,0,0,0),
('Toshio Suzuki',755,16,2,2,0,0,0,0,0),
('Olivier Panis',771,2,158,157,0,1,5,0,76),
('Jan Magnussen',779,43,25,24,0,0,0,0,1),
('Tarso Marques',780,13,26,24,0,0,0,0,0),
('Shinji Nakano',787,16,33,33,0,0,0,0,2),
('Esteban Tuero',791,26,16,16,0,0,0,0,0),
('Ricardo Zonta',795,13,37,36,0,0,0,0,3),
('Luciano Burti',797,13,15,14,0,0,0,0,0),
('Nick Heidfeld',799,1,185,183,1,0,13,2,259),
('Nicolas Kiesa',816,43,5,5,0,0,0,0,0),
('Justin Wilson',817,3,16,16,0,0,0,0,1),
('Nico Rosberg^',837,1,206,206,30,23,57,20,1594.5),
('Vitaly Petrov',855,18,58,57,0,0,1,1,64),
('Paul di Resta',859,3,59,59,0,0,0,0,121),
('Sergio Pérez*',861,21,214,209,0,2,15,5,871),
('Jules Bianchi',866,2,34,34,0,0,0,0,2),
('Roberto Merhi',875,15,14,13,0,0,0,0,0),
('Jolyon Palmer',881,3,37,35,0,0,0,0,9),
('Esteban Ocon*',884,2,86,85,0,1,2,0,244),
('Pierre Gasly*',886,2,83,82,0,1,3,3,285),
('Lance Stroll*',887,22,98,96,1,0,3,0,168),
('Lando Norris*',892,3,57,56,1,0,5,3,296),
('Yuki Tsunoda*',899,16,19,17,0,0,0,0,20),
('Nello Pagani',14,5,1,1,0,0,0,0,0),
('Alfredo Pián',15,26,1,0,0,0,0,0,0),
('Guy Mairesse',28,2,3,3,0,0,0,0,0),
('Jimmy Davies',34,10,8,5,0,0,1,0,4),
('Louis Chiron',38,29,19,15,0,0,1,0,4),
('Peter Walker',40,3,4,4,0,0,0,0,0),
('David Murray',45,3,5,4,0,0,0,0,0),
('Paul Pietsch',46,40,3,3,0,0,0,0,0),
('Johnny Claes',53,12,25,23,0,0,0,0,0),
('Nino Farina^',59,5,34,33,5,5,20,5,115.33),
('Jack McGrath',61,10,6,6,1,0,2,1,9),
('Duane Carter',62,10,8,8,0,0,1,0,6.5),
('Louis Rosier',64,2,38,38,0,0,2,0,18),
('Troy Ruttman',70,10,12,8,0,1,1,0,9.5),
('Harry Schell',73,10,57,56,0,0,2,0,32),
('Gene Hartley',77,10,10,8,0,0,0,0,0),
('Jim Rathmann',78,10,10,10,0,1,4,2,29),
('Bill Holland',79,10,3,2,0,0,1,0,6),
('Pat Flaherty',82,10,6,6,1,1,1,0,8),
('Carl Forberg',86,10,3,1,0,0,0,0,0),
('Aldo Gordini',88,2,1,1,0,0,0,0,0),
('Rudi Fischer',97,6,8,7,0,0,2,0,10),
('Mike Nazaruk',115,10,4,3,0,0,1,0,8),
('Marcel Balsa',121,2,1,1,0,0,0,0,0),
('Adolf Brudes',123,40,1,1,0,0,0,0,0),
('Willi Krakau',132,40,1,0,0,0,0,0,0),
('Harry Merkel',135,40,1,0,0,0,0,0,0),
('Josef Peters',139,40,1,1,0,0,0,0,0),
('Dennis Poore',140,3,2,2,0,0,0,0,3),
('Piero Carini',148,5,3,3,0,0,0,0,0),
('Arthur Legat',153,12,2,2,0,0,0,0,0),
('Max de Terra',154,6,2,2,0,0,0,0,0),
('Bob Sweikert',165,10,7,5,0,1,1,0,8),
('Eric Brandon',173,3,5,5,0,0,0,0,0),
('Oswald Karch',182,40,1,1,0,0,0,0,0),
('Johnny Mantz',184,10,1,1,0,0,0,0,0),
('Hermann Lang',191,40,2,2,0,0,0,0,2),
('Don Freeland',203,10,8,8,0,0,1,0,4),
('Pablo Birger',205,26,2,2,0,0,0,0,0),
('Jack Fairman',207,3,13,12,0,0,0,0,5),
('Danny Kladis',215,10,5,1,0,0,0,0,0),
('Clemar Bucci',221,26,5,5,0,0,0,0,0),
('Bill Homeier',225,10,6,3,0,0,0,0,1),
('Pat O''Connor',227,10,6,5,1,0,0,0,0),
('Horace Gould',228,3,18,14,0,0,0,0,2),
('Mike Sparken',233,2,1,1,0,0,0,0,0),
('Alberto Uria',237,46,2,2,0,0,0,0,0),
('Ray Crawford',238,10,5,3,0,0,0,0,0),
('Luigi Piotti',243,5,8,5,0,0,0,0,0),
('Chuck Weyant',248,10,6,4,0,0,0,0,0),
('Piero Scotti',254,5,1,1,0,0,0,0,0),
('Bob Christie',261,10,7,5,0,0,0,0,0),
('Paul England',272,19,1,1,0,0,0,0,0),
('Elmer George',273,10,3,1,0,0,0,0,0),
('Brian Naylor',283,3,8,7,0,0,0,0,0),
('George Amick',287,10,2,1,0,0,1,0,6),
('André Guelfi',292,2,1,1,0,0,0,0,0),
('Ken Kavanagh',293,19,2,0,0,0,0,0,0),
('André Testut',303,29,2,0,0,0,0,0,0),
('Graham Hill^',314,3,179,176,13,14,36,10,270),
('Chuck Arnold',317,10,2,1,0,0,0,0,0),
('Fritz d''Orey',327,13,3,3,0,0,0,0,0),
('Jim McWithey',334,10,5,2,0,0,0,0,0),
('Henry Taylor',339,3,11,8,0,0,0,0,3),
('Keith Greene',340,3,6,3,0,0,0,0,0),
('Gino Munaron',355,5,4,4,0,0,0,0,0),
('Wayne Weiler',361,10,1,1,0,0,0,0,0),
('Menato Boffa',372,5,1,0,0,0,0,0,0),
('Jackie Lewis',383,3,10,9,0,0,0,0,3),
('Roger Penske',384,10,2,2,0,0,0,0,0),
('Walt Hansgen',393,10,2,2,0,0,0,0,2),
('Gary Hocking',397,51,1,0,0,0,0,0,0),
('Heini Walter',408,6,1,1,0,0,0,0,0),
('Ernie de Vos',421,22,1,0,0,0,0,0,0),
('Bob Anderson',426,3,29,25,0,0,1,0,8),
('Paddy Driver',438,9,2,2,0,0,0,0,0),
('Peter Revson',447,10,32,30,1,2,8,0,61),
('Paul Hawkins',452,19,3,3,0,0,0,0,0),
('Denny Hulme^',460,4,112,112,1,8,33,9,248),
('Hubert Hahne',474,40,3,2,0,0,0,0,0),
('Silvio Moser',479,6,20,12,0,0,0,0,3),
('Jo Schlesser',483,2,3,3,0,0,0,0,0),
('Brian Redman',494,3,15,12,0,0,1,0,8),
('George Eaton',498,22,13,11,0,0,0,0,0),
('Peter Gethin',506,3,31,30,0,1,1,0,11),
('Tim Schenken',507,19,36,34,0,0,1,0,7),
('Reine Wisell',508,37,23,22,0,0,1,0,13),
('Helmut Marko',519,36,10,10,0,0,0,0,0),
('David Walker',521,19,11,11,0,0,0,0,0),
('Mark Donohue',528,10,16,14,0,0,1,0,8),
('Graham McRae',541,4,1,1,0,0,0,0,0),
('David Purley',545,3,11,7,0,0,0,0,0),
('Eddie Keizan',546,9,3,3,0,0,0,0,0),
('Leo Kinnunen',553,44,6,1,0,0,0,0,0),
('Jim Crawford',572,3,2,2,0,0,0,0,0),
('Torsten Palm',575,37,2,1,0,0,0,0,0),
('Damien Magee',581,3,2,1,0,0,0,0,0),
('Brett Lunger',583,10,43,34,0,0,0,0,0),
('Tony Trimmer',584,3,6,0,0,0,0,0,0),
('Brian Henton',588,3,37,19,0,0,0,1,0),
('Loris Kessel',601,6,6,3,0,0,0,0,0),
('Alex Ribeiro',604,13,20,10,0,0,0,0,0),
('Patrick Nève',606,12,14,10,0,0,0,0,0),
('Danny Ongais',617,10,6,4,0,0,0,0,0),
('Tiff Needell',645,3,2,1,0,0,0,0,0),
('Alain Prost^',649,2,202,199,33,51,106,41,768.5),
('Slim Borgudd',660,37,15,10,0,0,0,0,1),
('Corrado Fabi',676,5,18,12,0,0,0,0,0),
('Ivan Capelli',693,5,98,93,0,0,3,0,31),
('Pascal Fabre',698,2,14,11,0,0,0,0,0),
('Aguri Suzuki',711,16,88,65,0,0,1,0,8),
('Éric Bernard',720,2,47,45,0,0,1,0,10),
('Gary Brabham',727,19,2,0,0,0,0,0,0),
('Pedro Chaves',732,25,13,0,0,0,0,0,0),
('Eddie Irvine',758,3,148,145,0,4,26,1,191),
('Jarno Trulli',790,5,256,252,4,1,11,1,246.5),
('Allan McNish',810,3,17,16,0,0,0,0,0),
('Felipe Massa',813,13,272,269,16,11,41,15,1167),
('Ralph Firman',815,17,15,14,0,0,0,0,1),
('Adrian Sutil',841,1,128,128,0,0,0,1,124),
('Will Stevens',871,3,20,18,0,0,0,0,0),
('Daniil Kvyat',872,18,112,110,0,0,3,1,202),
('Rio Haryanto',880,50,12,12,0,0,0,0,0),
('Emil Andres',2,10,1,0,0,0,0,0,0),
('Toni Branca',19,6,3,3,0,0,0,0,0),
('Cecil Green',23,10,2,2,0,0,0,0,3),
('Lee Wallard',32,10,3,2,0,1,1,1,9),
('Henry Banks',41,10,5,3,0,0,0,0,0),
('Reg Parnell',49,3,7,6,0,0,1,0,9),
('Spider Webb',76,10,5,4,0,0,0,0,0),
('Bill Mackey',93,10,1,1,0,0,0,0,0),
('Chet Miller',99,10,4,2,0,0,0,0,0),
('André Simon',100,2,12,11,0,0,0,0,0),
('Chico Landi',106,13,6,6,0,0,0,0,1.5),
('Manny Ayulo',107,10,6,4,0,0,1,0,2),
('Andy Linden',110,10,8,7,0,0,0,0,5),
('Rodger Ward',111,10,12,12,0,1,2,0,14),
('Gino Bianco',122,13,4,4,0,0,0,0,0),
('Ken Downing',126,3,2,2,0,0,0,0,0),
('Piero Dusio',127,5,1,0,0,0,0,0,0),
('Fritz Riess',141,40,1,1,0,0,0,0,0),
('Willi Heeks',150,40,2,2,0,0,0,0,0),
('Ken Wharton',162,3,16,15,0,0,0,0,3),
('Jimmy Bryan',170,10,10,9,0,1,3,0,18),
('Jimmy Reece',175,10,6,6,0,0,0,0,0),
('Kurt Adolff',176,40,1,1,0,0,0,0,0),
('John Barber',177,3,1,1,0,0,0,0,0),
('Erwin Bauer',178,40,1,1,0,0,0,0,0),
('Theo Fitzau',179,11,1,1,0,0,0,0,0),
('Ian Stewart',188,3,1,1,0,0,0,0,0),
('Ernie McCoy',192,10,3,1,0,0,0,0,0),
('Fred Wacker',193,10,5,3,0,0,0,0,0),
('Luigi Musso',201,5,25,24,0,1,7,1,44),
('Edgar Barth',208,42,7,5,0,0,0,0,0),
('Don Beauman',211,3,1,1,0,0,0,0,0),
('Roger Loyer',216,2,1,1,0,0,0,0,0),
('Leslie Marr',223,3,2,2,0,0,0,0,0),
('Eddie Russo',242,10,7,4,0,0,0,0,0),
('Johnny Boyd',245,10,6,6,0,0,1,0,4),
('Jack Turner',260,10,5,4,0,0,0,0,0),
('Tony Brooks',263,3,39,38,3,6,10,3,75),
('Don Edmunds',271,10,2,1,0,0,0,0,0),
('Dick Gibson',276,3,2,2,0,0,0,0,0),
('Mike Magill',281,10,4,3,0,0,0,0,0),
('Eddie Sachs',282,10,7,4,1,0,0,0,0),
('Tom Bridger',289,3,1,1,0,0,0,0,0),
('Alan Stacey',307,3,7,7,0,0,0,0,0),
('Ian Burgess',310,3,20,16,0,0,0,0,0),
('Colin Davis',323,3,2,2,0,0,0,0,0),
('Don Branson',331,10,2,2,0,0,0,0,3),
('David Piper',335,3,3,2,0,0,0,0,0),
('Mike Taylor',336,3,2,1,0,0,0,0,0),
('Pete Lovely',338,10,11,7,0,0,0,0,0),
('Tim Parnell',345,3,4,2,0,0,0,0,0),
('Mike Parkes',346,3,7,6,1,0,2,0,14),
('Chuck Daigh',350,10,6,3,0,0,0,0,0),
('Piero Drogo',352,5,1,1,0,0,0,0,0),
('Fred Gamble',353,10,1,1,0,0,0,0,0),
('Arthur Owen',356,3,1,1,0,0,0,0,0),
('Michael May',375,6,3,2,0,0,0,0,0),
('Mike Harris',396,9,1,1,0,0,0,0,0),
('Timmy Mayer',399,10,1,1,0,0,0,0,0),
('Tony Shelly',405,4,3,1,0,0,0,0,0),
('Carlo Abate',409,5,3,0,0,0,0,0,0),
('Kurt Kuhnke',419,40,1,0,0,0,0,0,0),
('Mike Spence',429,3,37,36,0,0,1,0,27),
('John Taylor',446,3,5,5,0,0,0,0,1),
('Brian Gubby',451,3,1,0,0,0,0,0,0),
('Clive Puzey',453,20,1,0,0,0,0,0,0),
('John Rhodes',455,3,1,1,0,0,0,0,0),
('Chris Irwin',465,3,10,10,0,0,0,0,2),
('Mike Fisher',469,10,2,1,0,0,0,0,0),
('David Hobbs',475,3,7,7,0,0,0,0,0),
('Bobby Unser',484,10,2,1,0,0,0,0,0),
('John Cordts',496,22,1,1,0,0,0,0,0),
('Nanni Galli',505,5,20,17,0,0,0,0,0),
('John Cannon',514,22,1,1,0,0,0,0,0),
('Chris Craft',515,3,2,1,0,0,0,0,0),
('Max Jean[w]',516,2,1,1,0,0,0,0,0),
('Skip Barber',518,10,6,5,0,0,0,0,0),
('Niki Lauda^',524,36,177,171,24,25,54,24,420.5),
('Carlos Pace',531,13,73,72,1,1,6,5,58),
('James Hunt^',547,3,93,92,14,10,23,8,179),
('Jochen Mass',549,40,114,105,0,1,8,2,71),
('John Watson',550,3,154,152,2,5,20,5,169),
('José Dolhem',551,2,3,1,0,0,0,0,0),
('Bertil Roos',557,37,1,1,0,0,0,0,0),
('Guy Edwards',568,3,17,11,0,0,0,0,0),
('Dave Morgan',574,3,1,1,0,0,0,0,0),
('Renzo Zorzi',582,5,7,7,0,0,0,0,1),
('Harald Ertl',585,36,28,19,0,0,0,0,0),
('Alan Jones^',586,19,117,116,6,12,24,13,199),
('Hans Binder',605,36,15,13,0,0,0,0,0),
('Bobby Rahal',627,10,2,2,0,0,0,0,0),
('René Arnoux',633,2,164,149,18,7,22,12,181),
('Jan Lammers',641,7,41,23,0,0,0,0,0),
('Kevin Cogan',648,10,2,0,0,0,0,0,0),
('Chico Serra',662,13,33,18,0,0,0,0,1),
('Tommy Byrne',667,17,5,2,0,0,0,0,0),
('Raul Boesel',669,13,30,23,0,0,0,0,0),
('Mauro Baldi',671,5,41,36,0,0,0,0,5),
('Damon Hill^',750,3,122,115,20,22,42,19,360),
('Luca Badoer',760,5,58,50,0,0,0,0,0),
('Hideki Noda',764,16,3,3,0,0,0,0,0),
('Pedro Diniz',778,13,99,98,0,0,0,0,10),
('Takuma Sato',811,16,92,90,0,0,1,0,44),
('Mark Webber',812,19,217,215,13,9,42,19,1047.5),
('Scott Speed',834,10,28,28,0,0,0,0,0),
('Bruno Senna',856,13,46,46,0,0,0,1,33),
('Charles Pic',863,2,39,39,0,0,0,0,0),
('Max Chilton',867,3,35,35,0,0,0,0,0),
('Felipe Nasr',877,13,40,39,0,0,0,0,29),
('Jack Aitken',894,3,1,1,0,0,0,0,0),
('Myron Fohr',7,10,1,1,0,0,0,0,0),
('Walt Brown',20,10,2,2,0,0,0,0,0),
('Mauri Rose',29,10,2,2,0,0,1,0,4),
('Bob Gerard',33,3,8,8,0,0,0,0,0),
('Franco Rol',47,5,5,5,0,0,0,0,0),
('Paul Russo',72,10,11,8,0,0,1,1,8.5),
('Jerry Hoyt',81,10,4,4,1,0,0,0,0),
('John James',90,3,1,1,0,0,0,0,0),
('Juan Jover',91,15,1,0,0,0,0,0,0),
('Bobby Ball',96,10,2,2,0,0,0,0,2),
('Peter Hirt',103,6,5,5,0,0,0,0,0),
('Duke Nalon',104,10,5,3,1,0,0,0,0),
('Hans Stuck',105,40,5,3,0,0,0,0,0),
('Paco Godia',118,15,14,13,0,0,0,0,6),
('Gene Force',119,10,5,2,0,0,0,0,0),
('Bill Aston',120,3,3,1,0,0,0,0,0),
('Hans Klenk',131,40,1,1,0,0,0,0,0),
('Jim Rigsby',142,10,2,1,0,0,0,0,0),
('Toni Ulmen',145,40,2,2,0,0,0,0,0),
('Tony Crook',149,3,2,2,0,0,0,0,0),
('Alan Brown',157,3,9,8,0,0,0,0,2),
('Élie Bayol',163,2,8,7,0,0,0,0,2),
('Paul Frère',164,12,11,11,0,0,1,0,11),
('Jean Behra',169,2,53,52,0,0,9,1,51.14),
('Ernst Loof',183,40,1,1,0,0,0,0,0),
('John Fitch',206,10,2,2,0,0,0,0,0),
('Frank Armi',210,10,3,1,0,0,0,0,0),
('Len Duncan',214,10,4,1,0,0,0,0,0),
('Karl Kling',222,40,11,11,0,0,2,1,17),
('Ed Elisian',226,10,5,5,0,0,0,0,0),
('Jean Lucas',232,2,1,1,0,0,0,0,0),
('Les Leston',256,3,3,2,0,0,0,0,0),
('Jo Bonnier',266,37,108,104,1,1,1,0,39),
('Paul Emery',267,3,2,1,0,0,0,0,0),
('Tony Marsh',278,3,5,4,0,0,0,0,0),
('Jud Larson',301,10,5,2,0,0,0,0,0),
('A. J. Foyt',305,10,3,3,0,0,0,0,0),
('Len Sutton',308,10,4,3,0,0,0,0,0),
('Phil Hill^',311,10,52,49,6,3,16,6,94),
('Bobby Grim',333,10,2,2,0,0,0,0,0),
('Dan Gurney',343,10,87,86,3,4,19,6,133),
('Lloyd Ruby',362,10,2,2,0,0,0,0,0),
('Jim Clark^',366,3,73,72,33,25,32,28,255),
('Vic Wilson',371,3,2,1,0,0,0,0,0),
('Geoff Duke',374,3,1,0,0,0,0,0,0),
('Peter Ryan',380,22,1,1,0,0,0,0,0),
('Tony Maggs',390,9,27,25,0,0,3,0,26),
('Jo Siffert',415,6,100,96,2,2,6,4,68),
('Chris Amon',431,4,108,96,5,0,11,3,83),
('Sam Tingle',435,20,5,5,0,0,0,0,0),
('Guy Ligier',466,2,13,12,0,0,0,0,1),
('Luki Botha',468,9,1,1,0,0,0,0,0),
('Brian Hart',470,3,1,0,0,0,0,0,0),
('Jacky Ickx',481,12,120,114,13,8,25,14,181),
('Vic Elford',487,3,13,13,0,0,0,0,8),
('Bill Brack',488,22,3,3,0,0,0,0,0),
('Derek Bell',489,3,16,9,0,0,0,0,1),
('John Miles',497,3,15,12,0,0,0,0,2),
('Luiz Bueno',539,13,1,1,0,0,0,0,0),
('Mike Wilds',561,3,8,3,0,0,0,0,0),
('Ian Ashley',562,3,11,4,0,0,0,0,0),
('Tony Brise',571,3,10,10,0,0,0,0,1),
('Guy Tunmer',576,9,1,1,0,0,0,0,0),
('Hans Heyer',609,40,1,1,0,0,0,0,0),
('Geoff Lees',628,3,12,5,0,0,0,0,0),
('Derek Daly',629,17,64,49,0,0,0,0,15),
('Marc Surer',643,6,88,82,0,0,0,1,17),
('Jo Gartner',681,36,8,8,0,0,0,0,0),
('Allen Berg',694,22,9,9,0,0,0,0,0),
('Alex Caffi',697,5,75,56,0,0,0,0,6),
('Jean Alesi',726,2,202,201,2,1,32,4,241),
('Érik Comas',735,2,63,59,0,0,0,0,7),
('Pedro Lamy',757,25,32,32,0,0,0,0,1),
('Taki Inoue',767,16,18,18,0,0,0,0,0),
('Tomáš Enge',802,48,3,3,0,0,0,0,0),
('Alex Yoong',804,8,18,14,0,0,0,0,0),
('Timo Glock',824,1,95,91,0,0,3,1,51),
('Walt Ader',1,10,1,1,0,0,0,0,0),
('Joe Kelly',25,17,2,2,0,0,0,0,0),
('Sam Hanks',67,10,8,8,0,1,4,0,20),
('Tony Rolt',83,3,3,3,0,0,0,0,0),
('Joe James',98,10,3,2,0,0,0,0,0),
('Tony Gaze',130,19,4,3,0,0,0,0,0),
('Bob Scott',159,10,3,3,0,0,0,0,0),
('Art Cross',160,10,4,4,0,0,1,0,8),
('Cal Niday',197,10,3,3,0,0,0,0,0),
('Al Herman',241,10,8,5,0,0,0,0,0),
('Al Keller',244,10,6,5,0,0,0,0,0),
('Bob Veith',262,10,5,5,0,0,0,0,0),
('Ivor Bueb',279,3,6,5,0,0,0,0,0),
('Art Bisch',288,10,1,1,0,0,0,0,0),
('Phil Cade',320,10,1,0,0,0,0,0,0),
('Bill Moss',326,3,1,0,0,0,0,0,0),
('Red Amick',330,10,2,2,0,0,0,0,0),
('Bob Drake',351,10,1,1,0,0,0,0,0),
('Ken Miles',376,3,1,0,0,0,0,0,0),
('Hap Sharp',389,10,6,6,0,0,0,0,0),
('John Love',414,20,10,9,0,0,1,0,6),
('Tom Jones',471,10,1,0,0,0,0,0,0),
('Alan Rees',472,3,1,1,0,0,0,0,0),
('Sam Posey',520,10,2,2,0,0,0,0,0),
('Tom Belsø',543,43,5,2,0,0,0,0,0),
('Tom Pryce',563,3,42,42,1,0,2,0,19),
('Bob Evans',579,3,12,10,0,0,0,0,0),
('Boy Hayje',598,7,7,3,0,0,0,0,0),
('Mika Salo',772,44,111,109,0,0,2,0,33),
('Marc Gené',794,15,36,36,0,0,0,0,5),
('Bob Said',328,10,1,1,0,0,0,0,0),
('Jim Hall',363,10,12,11,0,0,0,0,3),
('Ian Raby',424,3,7,3,0,0,0,0,0),
('Ray Reed',454,20,1,0,0,0,0,0,0),
('Al Pease',476,22,3,2,0,0,0,0,0),
('Teo Fabi',672,5,71,64,3,0,2,2,23),
('JJ Lehto',724,44,70,62,0,0,1,0,10),
('Yuji Ide',832,16,4,4,0,0,0,0,0),
('Joe Fry',8,3,1,1,0,0,0,0,0),
('Ben Pon',400,7,1,1,0,0,0,0,0),
('Gimax',626,5,1,0,0,0,0,0,0),
('Geki',443,5,3,2,0,0,0,0,0)


INSERT INTO [dbo].[DriversSeasons] ([DriverID], [SeasonRefID])
VALUES
(1,1),
(2,1),
(3,1),
(4,1),
(5,1),
(6,1),
(7,1),
(8,1),
(9,1),
(10,1),
(11,1),
(12,1),
(13,1),
(14,1),
(15,1),
(16,1),
(17,1),
(18,1),
(19,1),
(19,2),
(20,1),
(20,2),
(21,1),
(21,2),
(22,1),
(22,2),
(23,1),
(23,2),
(24,1),
(24,2),
(25,1),
(25,2),
(26,1),
(26,2),
(27,1),
(27,2),
(28,1),
(28,2),
(29,1),
(29,2),
(30,1),
(30,2),
(31,1),
(31,2),
(32,1),
(32,2),
(33,1),
(33,2),
(33,4),
(33,5),
(33,7),
(33,8),
(34,1),
(34,2),
(34,4),
(34,5),
(34,6),
(35,1),
(35,2),
(35,4),
(35,5),
(35,6),
(36,1),
(36,2),
(36,4),
(36,5),
(36,6),
(36,7),
(36,8),
(36,9),
(38,1),
(38,2),
(38,4),
(38,6),
(38,7),
(38,9),
(39,1),
(39,2),
(39,4),
(39,7),
(40,1),
(40,2),
(40,6),
(41,1),
(41,2),
(41,3),
(42,1),
(42,2),
(42,3),
(43,1),
(43,2),
(43,3),
(44,1),
(44,2),
(44,3),
(45,1),
(45,2),
(45,3),
(46,1),
(46,2),
(46,3),
(47,1),
(47,2),
(47,3),
(48,1),
(48,2),
(48,3),
(49,1),
(49,2),
(49,3),
(49,5),
(50,1),
(50,2),
(50,3),
(50,5),
(50,6),
(50,7),
(51,1),
(51,2),
(51,3),
(51,4),
(52,1),
(52,2),
(52,3),
(52,4),
(53,1),
(53,2),
(53,3),
(53,4),
(53,6),
(54,1),
(54,2),
(54,3),
(54,4),
(55,1),
(55,2),
(55,3),
(55,4),
(55,5),
(56,1),
(56,2),
(56,3),
(56,4),
(56,5),
(56,7),
(57,1),
(57,2),
(57,3),
(57,4),
(57,5),
(57,6),
(59,1),
(59,2),
(59,3),
(59,4),
(59,5),
(59,6),
(61,1),
(61,2),
(61,3),
(61,4),
(61,5),
(61,6),
(62,1),
(62,2),
(62,3),
(62,4),
(62,5),
(62,6),
(62,10),
(62,11),
(63,1),
(63,2),
(63,3),
(63,4),
(63,5),
(63,6),
(63,7),
(64,1),
(64,2),
(64,3),
(64,4),
(64,5),
(64,6),
(64,7),
(65,1),
(65,2),
(65,3),
(65,4),
(65,5),
(65,6),
(65,7),
(66,1),
(66,2),
(66,3),
(66,4),
(66,5),
(66,6),
(66,7),
(66,8),
(67,1),
(67,2),
(67,3),
(67,4),
(67,5),
(67,6),
(67,7),
(67,8),
(68,1),
(68,2),
(68,3),
(68,4),
(68,5),
(68,6),
(68,7),
(68,8),
(68,11),
(69,1),
(69,2),
(69,3),
(69,4),
(69,5),
(69,6),
(69,7),
(69,8),
(69,2),
(70,1),
(70,2),
(70,3),
(70,4),
(70,5),
(70,6),
(70,7),
(70,8),
(70,9),
(70,11),
(71,1),
(71,2),
(71,3),
(71,4),
(71,5),
(71,6),
(71,7),
(71,8),
(71,9),
(71,10),
(71,11),
(72,1),
(72,2),
(72,3),
(72,4),
(72,5),
(72,6),
(72,7),
(72,8),
(72,9),
(72,10),
(72,11),
(73,1),
(73,2),
(73,3),
(73,4),
(73,5),
(73,6),
(73,7),
(73,8),
(73,9),
(73,10),
(73,11),
(74,1),
(74,2),
(74,3),
(74,4),
(74,5),
(74,6),
(74,7),
(74,8),
(74,9),
(74,10),
(74,11),
(74,12),
(74,13),
(74,14),
(74,15),
(75,1),
(75,3),
(76,1),
(76,3),
(76,4),
(76,5),
(77,1),
(77,3),
(77,4),
(77,5),
(77,6),
(77,7),
(77,8),
(77,9),
(77,10),
(77,11),
(78,1),
(78,3),
(78,4),
(78,5),
(78,6),
(78,7),
(78,8),
(78,9),
(78,10),
(78,11),
(79,1),
(79,3),
(80,1),
(80,4),
(81,1),
(81,4),
(81,5),
(81,6),
(82,1),
(82,4),
(82,5),
(82,6),
(82,7),
(82,10),
(83,1),
(83,4),
(83,6),
(84,1),
(84,5),
(85,1),
(85,7),
(85,9),
(85,10),
(85,11),
(86,2),
(87,2),
(88,2),
(89,2),
(90,2),
(91,2),
(92,2),
(93,2),
(94,2),
(95,2),
(95,3),
(96,2),
(96,3),
(97,2),
(97,3),
(98,2),
(98,3),
(99,2),
(99,3),
(100,2),
(100,3),
(100,6),
(100,7),
(100,8),
(101,2),
(101,3),
(101,7),
(102,2),
(102,3),
(102,4),
(103,2),
(103,3),
(103,4),
(104,2),
(104,3),
(104,4),
(105,2),
(105,3),
(105,4),
(106,2),
(106,3),
(106,4),
(106,7),
(107,2),
(107,3),
(107,4),
(107,5),
(108,2),
(108,3),
(108,4),
(108,5),
(108,11),
(109,2),
(109,3),
(109,4),
(109,5),
(109,6),
(110,2),
(110,3),
(110,4),
(110,5),
(110,6),
(110,7),
(110,8),
(111,2),
(111,3),
(111,4),
(111,5),
(111,6),
(111,7),
(111,8),
(111,9),
(111,10),
(111,11),
(111,14),
(112,2),
(112,3),
(112,4),
(112,5),
(112,6),
(112,7),
(112,8),
(112,9),
(112,10),
(112,11),
(112,12),
(113,2),
(113,4),
(114,2),
(114,4),
(114,5),
(115,2),
(115,4),
(115,5),
(116,2),
(116,4),
(116,5),
(117,2),
(117,4),
(117,5),
(117,7),
(117,12),
(117,14),
(117,15),
(118,2),
(118,5),
(118,7),
(118,8),
(118,9),
(119,2),
(119,11),
(120,3),
(121,3),
(122,3),
(123,3),
(124,3),
(125,3),
(126,3),
(127,3),
(128,3),
(129,3),
(130,3),
(131,3),
(132,3),
(133,3),
(134,3),
(135,3),
(136,3),
(137,3),
(138,3),
(139,3),
(140,3),
(141,3),
(142,3),
(143,3),
(144,3),
(145,3),
(146,3),
(147,3),
(147,4),
(148,3),
(148,4),
(149,3),
(149,4),
(150,3),
(150,4),
(151,3),
(151,4),
(152,3),
(152,4),
(153,3),
(153,4),
(154,3),
(154,4),
(155,3),
(155,4),
(156,3),
(156,4),
(156,6),
(157,3),
(157,4),
(157,5),
(158,3),
(158,4),
(158,5),
(159,3),
(159,4),
(159,5),
(160,3),
(160,4),
(160,5),
(160,6),
(161,3),
(161,4),
(161,5),
(161,6),
(162,3),
(162,4),
(162,5),
(162,6),
(163,3),
(163,4),
(163,5),
(163,6),
(163,7),
(164,3),
(164,4),
(164,5),
(164,6),
(164,7),
(165,3),
(165,4),
(165,5),
(165,6),
(165,7),
(166,3),
(166,4),
(166,5),
(166,6),
(166,7),
(166,8),
(166,9),
(167,3),
(167,4),
(167,5),
(167,6),
(167,7),
(167,8),
(167,9),
(169,3),
(169,4),
(169,5),
(169,6),
(169,7),
(169,8),
(169,9),
(169,10),
(170,3),
(170,4),
(170,5),
(170,6),
(170,7),
(170,8),
(170,9),
(170,10),
(170,11),
(171,3),
(171,4),
(171,5),
(171,6),
(171,7),
(171,8),
(171,9),
(171,10),
(171,11),
(172,3),
(172,4),
(172,5),
(172,6),
(172,7),
(172,8),
(172,9),
(172,10),
(172,11),
(172,12),
(172,13),
(173,3),
(173,5),
(174,3),
(174,5),
(175,3),
(175,5),
(175,6),
(175,7),
(175,8),
(175,9),
(176,4),
(177,4),
(178,4),
(179,4),
(180,4),
(181,4),
(182,4),
(183,4),
(184,4),
(185,4),
(186,4),
(187,4),
(188,4),
(189,4),
(190,4),
(190,5),
(191,4),
(191,5),
(192,4),
(192,5),
(193,4),
(193,5),
(194,4),
(194,5),
(194,8),
(195,4),
(195,5),
(195,6),
(196,4),
(196,5),
(196,6),
(197,4),
(197,5),
(197,6),
(198,4),
(198,5),
(198,6),
(198,8),
(198,9),
(198,10),
(198,11),
(198,12),
(199,4),
(199,5),
(199,6),
(199,7),
(199,8),
(200,4),
(200,5),
(200,6),
(200,7),
(200,8),
(200,10),
(201,4),
(201,5),
(201,6),
(201,7),
(201,8),
(201,9),
(202,4),
(202,5),
(202,6),
(202,7),
(202,8),
(202,9),
(202,11),
(203,4),
(203,5),
(203,6),
(203,7),
(203,8),
(203,9),
(203,10),
(203,11),
(204,4),
(204,5),
(204,6),
(204,7),
(204,8),
(204,9),
(204,10),
(204,11),
(205,4),
(205,6),
(206,4),
(206,6),
(207,4),
(207,6),
(207,7),
(207,8),
(207,9),
(207,10),
(207,11),
(207,12),
(208,4),
(208,8),
(208,9),
(208,11),
(208,12),
(208,15),
(209,4),
(209,9),
(209,11),
(209,12),
(209,13),
(210,5),
(211,5),
(212,5),
(213,5),
(214,5),
(215,5),
(216,5),
(217,5),
(218,5),
(219,5),
(220,5),
(221,5),
(221,6),
(222,5),
(222,6),
(223,5),
(223,6),
(224,5),
(224,6),
(225,5),
(225,6),
(225,11),
(226,5),
(226,6),
(226,7),
(226,8),
(226,9),
(227,5),
(227,6),
(227,7),
(227,8),
(227,9),
(228,5),
(228,6),
(228,7),
(228,8),
(228,9),
(228,11),
(229,5),
(229,7),
(229,8),
(230,5),
(230,7),
(230,8),
(230,9),
(230,10),
(230,11),
(231,6),
(232,6),
(233,6),
(234,6),
(235,6),
(235,7),
(236,6),
(236,7),
(237,6),
(237,7),
(238,6),
(238,7),
(238,10),
(239,6),
(239,7),
(239,8),
(240,6),
(240,7),
(240,8),
(241,6),
(241,7),
(241,8),
(241,10),
(241,11),
(242,6),
(242,7),
(242,8),
(242,11),
(243,6),
(243,7),
(243,8),
(243,9),
(244,6),
(244,7),
(244,8),
(244,9),
(244,10),
(245,6),
(245,7),
(245,8),
(245,9),
(245,10),
(245,11),
(246,6),
(246,7),
(246,8),
(246,9),
(246,10),
(246,11),
(246,12),
(246,13),
(246,14),
(246,15),
(246,16),
(246,17),
(246,18),
(246,19),
(246,20),
(246,21),
(248,6),
(248,8),
(248,9),
(248,10),
(249,6),
(249,9),
(249,11),
(250,7),
(251,7),
(252,7),
(253,7),
(254,7),
(255,7),
(256,7),
(256,8),
(257,7),
(257,8),
(258,7),
(258,8),
(258,10),
(258,11),
(259,7),
(259,8),
(259,8),
(260,7),
(260,8),
(260,9),
(260,10),
(261,7),
(261,8),
(261,9),
(261,10),
(261,11),
(262,7),
(261,8),
(261,9),
(261,10),
(261,11),
(263,7),
(263,8),
(263,9),
(263,10),
(263,11),
(263,12),
(264,7),
(264,8),
(264,9),
(264,10),
(264,11),
(264,12),
(265,7),
(265,8),
(265,9),
(265,10),
(265,11),
(265,12),
(266,7),
(266,8),
(266,9),
(266,10),
(266,11),
(266,12),
(266,13),
(266,14),
(266,15),
(266,16),
(266,17),
(266,18),
(266,19),
(266,20),
(266,21),
(266,22),
(267,7),
(267,8),
(267,9),
(268,7),
(268,8),
(268,9),
(269,7),
(269,8),
(269,9),
(270,7),
(270,9),
(270,10),
(270,11),
(270,12),
(271,8),
(272,8),
(273,8),
(274,8),
(275,8),
(276,8),
(276,9),
(277,8),
(277,9),
(278,8),
(278,9),
(278,12),
(279,8),
(279,9),
(279,10),
(280,8),
(280,9),
(280,10),
(281,8),
(281,9),
(281,10),
(282,8),
(282,9),
(282,10),
(282,11),
(283,8),
(283,9),
(283,10),
(283,11),
(283,12),
(284,8),
(284,9),
(284,10),
(284,11),
(284,12),
(284,13),
(284,14),
(284,16),
(285,8),
(285,9),
(285,10),
(285,11),
(285,12),
(285,13),
(285,14),
(285,15),
(286,8),
(287,9),
(288,9),
(289,9),
(290,9),
(291,9),
(292,9),
(293,9),
(294,9),
(295,9),
(296,9),
(297,9),
(298,9),
(299,9),
(300,9),
(300,10),
(301,9),
(301,10),
(302,9),
(302,10),
(303,9),
(303,10),
(304,9),
(304,10),
(304,11),
(305,9),
(305,10),
(305,11),
(306,9),
(306,10),
(306,11),
(307,9),
(307,10),
(307,11),
(308,9),
(308,10),
(308,11),
(309,9),
(309,10),
(309,11),
(309,12),
(310,9),
(310,10),
(310,11),
(310,12),
(310,13),
(310,14),
(311,9),
(311,10),
(311,11),
(311,12),
(311,13),
(311,14),
(311,15),
(311,17),
(313,9),
(313,10),
(313,11),
(313,12),
(313,13),
(313,14),
(313,15),
(313,16)

INSERT INTO [dbo].[DriversSeasons] ([DriverID], [SeasonRefID])
VALUES
(313,17),
(313,18),
(313,19),
(313,20),
(313,21),
(314,9),
(314,10),
(314,11),
(314,12),
(314,13),
(314,14),
(314,15),
(314,16),
(314,17),
(314,18),
(314,19),
(314,20),
(314,21),
(314,22),
(314,23),
(314,24),
(314,25),
(314,26),
(316,9),
(316,11),
(317,10),
(318,10),
(319,10),
(320,10),
(321,10),
(322,10),
(323,10),
(324,10),
(325,10),
(326,10),
(327,10),
(328,10),
(329,10),
(330,10),
(330,11),
(331,10),
(331,11),
(332,10),
(332,11),
(333,10),
(333,11),
(334,10),
(334,11),
(335,10),
(335,11),
(336,10),
(336,11),
(337,10),
(337,11),
(337,13),
(337,15),
(338,10),
(338,11),
(338,20),
(338,21),
(338,22),
(339,10),
(339,11),
(339,12),
(340,10),
(340,11),
(340,12),
(340,13),
(341,10),
(341,11),
(341,12),
(341,13),
(341,14),
(341,16),
(341,19),
(342,10),
(342,11),
(342,12),
(342,13),
(342,14),
(342,15),
(342,16),
(342,17),
(343,10),
(343,11),
(343,12),
(343,13),
(343,14),
(343,15),
(343,16),
(343,17),
(343,18),
(343,19),
(343,21),
(344,10),
(344,12),
(344,13),
(344,14),
(344,15),
(344,17),
(345,10),
(345,12),
(345,14),
(346,10),
(346,17),
(346,18),
(347,11),
(348,11),
(349,11),
(350,11),
(351,11),
(352,11),
(353,11),
(354,11),
(355,11),
(356,11),
(357,11),
(358,11),
(359,11),
(360,11),
(361,11),
(362,11),
(362,12),
(363,11),
(363,12),
(363,13),
(363,14),
(364,11),
(364,12),
(364,13),
(364,14),
(364,16),
(365,11),
(365,12),
(365,13),
(365,14),
(365,15),
(365,16),
(365,17),
(365,18),
(366,11),
(366,12),
(366,13),
(366,14),
(366,15),
(366,16),
(366,17),
(366,18),
(366,19),
(368,11),
(368,12),
(368,13),
(368,14),
(368,15),
(368,16),
(368,17),
(368,18),
(368,19),
(368,20),
(368,21),
(368,22),
(368,23),
(370,11),
(370,13),
(371,11),
(371,17),
(372,12),
(373,12),
(374,12),
(375,12),
(376,12),
(377,12),
(378,12),
(379,12),
(380,12),
(381,12),
(382,12),
(382,13),
(383,12),
(383,13),
(384,12),
(384,13),
(385,12),
(385,13),
(386,12),
(386,13),
(386,16),
(387,12),
(387,13),
(387,14),
(388,12),
(388,13),
(388,14),
(388,15),
(389,12),
(389,13),
(389,14),
(389,15),
(390,12),
(390,13),
(390,14),
(390,15),
(390,16),
(391,12),
(391,13),
(391,14),
(391,15),
(391,16),
(391,17),
(391,18),
(392,12),
(392,13),
(392,14),
(392,15),
(392,16),
(392,17),
(392,18),
(393,12),
(393,13),
(393,14),
(393,15),
(394,12),
(394,13),
(394,14),
(394,15),
(394,16),
(395,13),
(396,13),
(397,13),
(398,13),
(399,13),
(400,13),
(401,13),
(402,13),
(403,13),
(404,13),
(405,13),
(406,13),
(407,13),
(408,13),
(409,13),
(409,14),
(410,13),
(409,14),
(411,13),
(411,14),
(412,13),
(412,14),
(412,16),
(413,13),
(413,14),
(413,16),
(414,13),
(414,14),
(414,15),
(414,16),
(414,18),
(414,19),
(414,20),
(414,21),
(414,22),
(414,23),
(415,13),
(415,14),
(415,15),
(415,16),
(415,17),
(415,18),
(415,19),
(415,20),
(415,21),
(415,22),
(416,13),
(416,16),
(417,14),
(418,14),
(419,14),
(420,14),
(421,14),
(422,14),
(422,15),
(422,17),
(423,14),
(423,15),
(423,16),
(424,14),
(424,15),
(424,16),
(425,14),
(425,15),
(425,15),
(425,22),
(425,23),
(425,24),
(425,25),
(426,24),
(426,15),
(426,16),
(426,17),
(426,18),
(427,14),
(427,15),
(427,16),
(427,17),
(427,18),
(427,19),
(428,14),
(428,15),
(428,16),
(428,17),
(428,18),
(428,19),
(429,14),
(429,15),
(429,16),
(429,17),
(429,18),
(429,19),
(430,14),
(429,15),
(429,16),
(429,17),
(429,18),
(429,19),
(429,20),
(429,21),
(429,22),
(431,14),
(431,15),
(431,16),
(431,17),
(431,18),
(431,19),
(431,20),
(431,21),
(431,22),
(431,23),
(431,24),
(431,25),
(431,26),
(431,27),
(432,14),
(432,16),
(433,14),
(433,16),
(434,14),
(434,16),
(435,14),
(435,15),
(435,16),
(435,18),
(435,19),
(435,20),
(436,14),
(436,16),
(436,20),
(436,21),
(437,14),
(437,20),
(438,14),
(438,25),
(439,15),
(440,15),
(440,16),
(440,18),
(440,19),
(440,20),
(441,15),
(441,16),
(441,19),
(442,15),
(442,16),
(442,17),
(443,15),
(443,16),
(443,17),
(444,15),
(444,16),
(444,17),
(444,18),
(444,19),
(444,20),
(444,21),
(446,15),
(446,16),
(446,17),
(447,15),
(447,22),
(447,23),
(447,24),
(447,25),
(448,16),
(449,16),
(450,16),
(451,16),
(452,16),
(453,16),
(454,16),
(455,16),
(456,16),
(457,16),
(457,17),
(458,16),
(458,17),
(458,18),
(458,19),
(458,20),
(458,21),
(458,22),
(458,23),
(458,24),
(460,16),
(460,17),
(460,18),
(460,19),
(460,20),
(460,21),
(460,22),
(460,23),
(460,24),
(460,25),
(462,16),
(462,18),
(462,19),
(462,21),
(462,22),
(462,23),
(462,24),
(462,25),
(462,26),
(463,16),
(463,19),
(463,22),
(463,24),
(464,17),
(465,17),
(465,18),
(466,17),
(466,18),
(467,17),
(467,18),
(467,19),
(467,20),
(468,18),
(469,18),
(470,18),
(471,18),
(472,18),
(473,18),
(474,18),
(474,19),
(474,21),
(475,18),
(475,19),
(475,22),
(475,25),
(476,18),
(476,19),
(476,20),
(477,18),
(477,19),
(477,20),
(477,21),
(478,18),
(478,19),
(478,20),
(478,21),
(479,18),
(479,19),
(479,20),
(479,21),
(479,22),
(480,18),
(480,19),
(480,20),
(480,21),
(480,22),
(480,23),
(480,24),
(480,25),
(481,18),
(481,19),
(481,20),
(481,21),
(481,22),
(481,23),
(481,24),
(481,25),
(481,26),
(481,27),
(481,28),
(481,29),
(481,30),
(482,18),
(482,25),
(483,19),
(484,19),
(485,19),
(486,19),
(486,20),
(487,19),
(487,20),
(487,22),
(488,19),
(488,20),
(488,23),
(489,19),
(489,20),
(489,21),
(489,22),
(489,23),
(489,25),
(490,19),
(490,20),
(490,21),
(490,22),
(490,23),
(490,25),
(490,26),
(490,27),
(490,28),
(490,29),
(490,30),
(490,31),
(490,32),
(490,33),
(492,19),
(492,20),
(492,21),
(492,22),
(492,23),
(492,24),
(492,28),
(493,19),
(493,21),
(493,22),
(493,23),
(493,24),
(494,19),
(494,21),
(494,22),
(494,23),
(494,24),
(494,25),
(495,19),
(495,21),
(495,22),
(495,23),
(495,24),
(495,25),
(495,27),
(496,20),
(497,20),
(497,21),
(498,20),
(498,21),
(498,22),
(499,20),
(499,25),
(500,21),
(501,21),
(502,21),
(503,21),
(503,22),
(503,23),
(504,21),
(504,22),
(504,23),
(504,24),
(505,21),
(505,22),
(505,23),
(505,24),
(506,21),
(506,22),
(506,23),
(506,24),
(506,25),
(507,21),
(507,22),
(507,23),
(507,24),
(507,25),
(508,21),
(508,22),
(508,23),
(508,24),
(508,25),
(509,21),
(509,22),
(509,23),
(509,24),
(509,25),
(509,26),
(509,27),
(509,29),
(510,21),
(510,22),
(510,23),
(510,24),
(510,25),
(510,26),
(510,27),
(510,28),
(510,29),
(511,21),
(511,22),
(511,23),
(511,24),
(511,25),
(511,26),
(511,27),
(511,28),
(511,29),
(511,30),
(511,31),
(513,21),
(513,22),
(513,23),
(513,24),
(513,25),
(513,26),
(513,27),
(513,28),
(513,29),
(513,30),
(513,31),
(514,22),
(515,22),
(516,22),
(517,22),
(518,22),
(518,23),
(519,22),
(519,23),
(520,22),
(520,23),
(521,22),
(521,23),
(522,22),
(522,23),
(522,24),
(523,22),
(523,23),
(523,24),
(523,25),
(524,22),
(524,23),
(524,24),
(524,25),
(524,26),
(524,27),
(524,28),
(524,29),
(524,30),
(524,33),
(524,34),
(524,35),
(524,36),
(526,22),
(526,24),
(526,25),
(526,26),
(527,22),
(527,24),
(527,25),
(527,26),
(527,27),
(527,28),
(527,29),
(527,30),
(527,31),
(527,32),
(527,33),
(527,34),
(528,22),
(528,25),
(528,26),
(529,23),
(530,23),
(530,24),
(530,26),
(531,23),
(531,24),
(531,25),
(531,26),
(531,27),
(531,28),
(532,23),
(532,24),
(532,25),
(532,26),
(532,27),
(532,28),
(532,29),
(532,30),
(533,23),
(533,24),
(533,25),
(533,26),
(533,27),
(533,28),
(533,29),
(533,30),
(533,31),
(535,23),
(535,24),
(535,25),
(535,26),
(535,27),
(535,28),
(535,29),
(535,30),
(535,31),
(536,23),
(536,25),
(536,26),
(537,23),
(537,25),
(537,26),
(537,28),
(538,23),
(538,25),
(538,26),
(538,27),
(538,28),
(538,29),
(538,30),
(538,31),
(539,24),
(540,24),
(541,24),
(542,24),
(543,24),
(543,25),
(544,24),
(544,25),
(545,24),
(545,25),
(545,28),
(546,24),
(546,25),
(546,26),
(547,24),
(547,25),
(547,26),
(547,27),
(547,28),
(547,29),
(547,30),
(549,24),
(549,25),
(549,26),
(549,27),
(549,28),
(549,29),
(549,30),
(549,31),
(549,33),
(550,24),
(550,25),
(550,26),
(550,27),
(550,28),
(550,29),
(550,30),
(550,31),
(550,32),
(550,33),
(550,34),
(550,36),
(551,25),
(552,25),
(553,25),
(554,25),
(555,25),
(556,25),
(557,25),
(558,25),
(558,26),
(559,25),
(559,26),
(559,28),
(559,29),
(559,30),
(559,31),
(559,32),
(560,25),
(560,26),
(560,27),
(561,25),
(561,26),
(561,27),
(562,25),
(562,26),
(562,27),
(562,28),
(563,25),
(563,26),
(563,27),
(563,28),
(564,25),
(564,26),
(564,27),
(564,28),
(565,25),
(565,26),
(565,27),
(565,28),
(565,29),
(565,30),
(566,25),
(566,26),
(566,27),
(566,28),
(566,29),
(566,30),
(566,31),
(567,25),
(567,26),
(567,27),
(567,28),
(567,29),
(567,30),
(567,31),
(567,32),
(567,33),
(567,34),
(567,35),
(567,36),
(567,37),
(568,25),
(568,27),
(568,28),
(569,25),
(569,27),
(569,28),
(570,25),
(570,28),
(571,26),
(572,26),
(573,26),
(574,26),
(575,26),
(576,26),
(577,26),
(578,26),
(579,26),
(579,27),
(580,26),
(580,27),
(581,26),
(581,27),
(582,26),
(582,27),
(582,28),
(583,26),
(583,27),
(583,28),
(583,29),
(584,26),
(584,27),
(584,28),
(584,29),
(585,26),
(585,27),
(585,28),
(585,29),
(585,31),
(586,26),
(586,27),
(586,28),
(586,29),
(586,30),
(586,31),
(586,32),
(586,34),
(586,36),
(586,37),
(588,26),
(588,28),
(588,32),
(588,33),
(589,27),
(590,27),
(591,27),
(592,27),
(593,27),
(594,27),
(595,27),
(596,27),
(597,27),
(597,28),
(598,27),
(598,28),
(599,27),
(599,28),
(600,27),
(600,28),
(601,27),
(601,28),
(602,27),
(602,28),
(603,27),
(603,28),
(604,27),
(604,28),
(604,30),
(605,27),
(605,29),
(606,27),
(606,29),
(607,27),
(607,28),
(607,28),
(607,32),
(607,33),
(608,27),
(608,29),
(609,28),
(610,28),
(611,28),
(612,28),
(613,28),
(614,28),
(614,29),
(615,28),
(615,29),
(616,28),
(616,29),
(617,28),
(617,29),
(618,28),
(618,29),
(618,31),
(618,33),
(619,28),
(619,29),
(619,30),
(619,32),
(619,33),
(619,34),
(619,35),
(619,36),
(619,37),
(620,28),
(620,29),
(620,30),
(620,31),
(620,32),
(621,28),
(621,29),
(621,30),
(621,31),
(621,32),
(621,33),
(622,28),
(622,29),
(622,30),
(622,31),
(622,32),
(622,33),
(622,34),
(622,41),
(623,28),
(623,29),
(623,30),
(623,31),
(623,32),
(623,33),
(623,34),
(623,35),
(623,36),
(623,37),
(623,38),
(623,39),
(623,40),
(623,41),
(623,42),
(623,43),
(623,44),
(624,28),
(624,32),
(625,29),
(626,29),
(627,29),
(628,29),
(628,30),
(628,31),
(628,33),
(629,29),
(629,30),
(629,31),
(629,32),
(629,33),
(630,29),
(630,30)

INSERT INTO [dbo].[DriversSeasons] ([DriverID], [SeasonRefID])
VALUES
(630,31),
(630,32),
(630,33),
(631,29),
(631,30),
(631,31),
(631,32),
(631,33),
(631,34),
(631,35),
(631,36),
(631,37),
(633,29),
(633,30),
(633,31),
(633,32),
(633,33),
(633,34),
(633,35),
(633,36),
(633,37),
(633,38),
(633,39),
(633,40),
(634,29),
(634,30),
(634,31),
(634,32),
(634,33),
(634,34),
(634,35),
(634,36),
(634,37),
(634,38),
(634,39),
(634,40),
(634,41),
(634,42),
(636,29),
(636,31),
(636,32),
(636,33),
(636,34),
(636,35),
(636,36),
(636,37),
(636,38),
(636,39),
(636,40),
(637,29),
(637,32),
(638,30),
(639,30),
(640,30),
(640,31),
(640,32),
(641,30),
(641,31),
(641,32),
(641,33),
(641,43),
(642,30),
(642,31),
(642,32),
(642,33),
(642,34),
(642,35),
(642,36),
(642,37),
(643,30),
(643,31),
(643,32),
(643,33),
(643,34),
(643,35),
(643,36),
(643,37),
(644,31),
(645,31),
(646,31),
(647,31),
(648,31),
(648,32),
(649,31),
(649,32),
(649,33),
(649,34),
(649,35),
(649,36),
(649,37),
(649,38),
(649,39),
(649,40),
(649,41),
(649,42),
(649,44),
(651,31),
(651,32),
(651,33),
(651,34),
(651,35),
(651,36),
(651,37),
(651,38),
(651,39),
(651,40),
(651,41),
(651,42),
(651,43),
(651,45),
(651,46),
(653,31),
(653,32),
(653,33),
(653,34),
(653,35),
(653,36),
(653,37),
(653,38),
(653,39),
(653,40),
(653,41),
(653,42),
(653,43),
(653,44),
(653,45),
(654,31),
(654,33),
(654,34),
(654,35),
(654,36),
(655,31),
(655,34),
(655,35),
(655,36),
(655,37),
(655,38),
(655,39),
(655,40),
(655,41),
(655,42),
(656,31),
(656,35),
(657,32),
(658,32),
(659,32),
(660,32),
(660,33),
(661,32),
(661,33),
(661,34),
(662,32),
(662,33),
(662,34),
(663,32),
(663,33),
(663,34),
(663,35),
(663,36),
(663,37),
(663,38),
(663,39),
(663,40),
(663,41),
(663,44),
(664,32),
(664,33),
(664,34),
(664,35),
(664,36),
(664,37),
(664,38),
(664,39),
(664,40),
(664,41),
(664,42),
(664,43),
(664,44),
(664,45),
(665,32),
(665,34),
(666,32),
(666,34),
(666,35),
(666,36),
(666,37),
(666,38),
(666,39),
(666,40),
(667,33),
(668,33),
(669,33),
(669,34),
(670,33),
(670,34),
(671,33),
(671,34),
(671,35),
(671,36),
(672,33),
(672,35),
(672,36),
(672,37),
(672,38),
(673,33),
(673,38),
(673,40),
(673,41),
(673,42),
(673,43),
(673,46),
(674,34),
(675,34),
(675,35),
(676,34),
(676,35),
(677,34),
(677,35),
(677,36),
(677,37),
(677,38),
(677,39),
(677,40),
(678,34),
(678,35),
(678,36),
(678,37),
(678,38),
(678,39),
(678,40),
(678,41),
(678,42),
(678,43),
(678,44),
(679,34),
(679,36),
(680,34),
(680,39),
(681,35),
(682,35),
(682,36),
(683,35),
(683,36),
(684,35),
(684,36),
(684,39),
(684,40),
(684,41),
(684,42),
(684,43),
(684,44),
(684,45),
(684,46),
(685,35),
(685,36),
(685,37),
(686,35),
(686,36),
(686,37),
(686,38),
(686,39),
(687,35),
(687,36),
(687,37),
(687,38),
(687,39),
(687,40),
(687,42),
(687,43),
(687,44),
(687,45),
(687,46),
(687,47),
(688,35),
(688,36),
(688,37),
(688,38),
(688,39),
(688,40),
(688,41),
(688,44),
(688,45),
(689,35),
(689,36),
(689,37),
(689,38),
(689,39),
(689,40),
(689,41),
(689,42),
(689,43),
(689,44),
(689,45),
(691,35),
(691,36),
(691,37),
(691,38),
(691,39),
(691,40),
(691,41),
(691,42),
(691,43),
(691,44),
(691,45),
(691,46),
(691,47),
(691,48),
(692,36),
(692,37),
(692,38),
(692,40),
(693,36),
(693,37),
(693,38),
(693,39),
(693,40),
(693,41),
(693,42),
(693,43),
(693,44),
(694,37),
(695,37),
(696,37),
(696,37),
(696,38),
(696,39),
(696,40),
(696,41),
(697,37),
(697,38),
(697,39),
(697,40),
(697,41),
(697,42),
(698,38),
(699,38),
(700,38),
(700,39),
(701,38),
(701,39),
(701,40),
(701,41),
(701,45),
(702,38),
(702,39),
(702,40),
(702,41),
(702,42),
(703,38),
(703,39),
(703,40),
(703,41),
(703,42),
(703,43),
(704,38),
(704,39),
(704,40),
(704,41),
(704,42),
(704,43),
(704,45),
(704,48),
(705,38),
(705,39),
(705,40),
(705,41),
(705,42),
(705,43),
(705,46),
(706,39),
(706,40),
(707,39),
(707,40),
(708,39),
(708,40),
(709,39),
(709,40),
(709,41),
(710,39),
(711,39),
(711,40),
(711,41),
(711,42),
(711,43),
(711,44),
(711,45),
(711,46),
(712,39),
(712,40),
(712,41),
(712,42),
(713,40),
(714,40),
(715,40),
(716,40),
(716,41),
(717,40),
(717,41),
(718,40),
(718,41),
(719,40),
(719,41),
(719,42),
(720,40),
(720,41),
(720,42),
(720,45),
(721,40),
(721,41),
(721,42),
(721,43),
(722,40),
(722,41),
(722,42),
(722,43),
(722,45),
(722,46),
(724,40),
(724,41),
(724,42),
(724,43),
(724,44),
(724,45),
(725,40),
(725,41),
(725,42),
(725,43),
(725,44),
(725,45),
(725,46),
(725,47),
(725,48),
(725,49),
(725,50),
(725,51),
(726,40),
(726,41),
(726,42),
(726,43),
(726,44),
(726,45),
(726,46),
(726,47),
(726,48),
(726,49),
(726,50),
(726,51),
(726,52),
(727,41),
(728,41),
(729,41),
(729,42),
(729,43),
(729,45),
(729,46),
(729,48),
(730,41),
(730,45),
(731,42),
(732,42),
(733,42),
(734,42),
(734,43),
(735,42),
(735,43),
(735,44),
(735,45),
(736,42),
(736,43),
(736,44),
(736,45),
(736,50),
(737,42),
(737,43),
(737,44),
(737,45),
(737,46),
(738,42),
(738,43),
(738,44),
(738,45),
(738,46),
(738,47),
(738,48),
(738,49),
(738,50),
(738,51),
(738,52),
(740,42),
(740,43),
(740,44),
(740,45),
(740,46),
(740,47),
(740,48),
(740,49),
(740,50),
(740,51),
(740,52),
(740,53),
(740,54),
(740,55),
(740,56),
(740,57),
(740,61),
(740,62),
(740,63),
(742,42),
(742,44),
(743,42),
(743,44),
(743,46),
(744,43),
(745,43),
(746,43),
(747,43),
(747,44),
(748,43),
(748,44),
(748,45),
(749,43),
(749,44),
(749,45),
(749,46),
(749,47),
(749,48),
(750,43),
(750,44),
(750,45),
(750,46),
(750,47),
(750,48),
(750,49),
(750,50),
(752,43),
(752,45),
(753,44),
(754,44),
(755,44),
(756,44),
(756,45),
(757,44),
(757,45),
(757,46),
(757,47),
(758,44),
(758,45),
(758,46),
(758,47),
(758,48),
(758,49),
(758,50),
(758,51),
(758,52),
(758,53),
(759,44),
(759,45),
(759,46),
(759,47),
(759,48),
(759,49),
(759,50),
(759,51),
(759,52),
(759,53),
(759,54),
(759,55),
(759,56),
(759,57),
(759,58),
(759,59),
(759,60),
(759,61),
(759,62),
(760,44),
(760,46),
(760,47),
(760,50),
(760,60),
(761,45),
(762,45),
(763,45),
(764,45),
(765,45),
(766,45),
(766,46),
(767,45),
(767,46),
(768,45),
(768,46),
(769,45),
(769,46),
(769,47),
(770,45),
(770,46),
(770,47),
(770,48),
(770,49),
(770,51),
(770,52),
(770,54),
(771,45),
(771,46),
(771,47),
(771,48),
(771,49),
(771,50),
(771,52),
(771,53),
(771,54),
(771,55),
(772,45),
(772,46),
(772,47),
(772,48),
(772,49),
(772,50),
(772,51),
(772,53),
(773,45),
(773,46),
(773,47),
(773,48),
(773,49),
(773,50),
(773,51),
(773,52),
(773,53),
(773,54),
(774,45),
(774,46),
(774,47),
(774,48),
(774,49),
(774,50),
(774,51),
(774,52),
(774,53),
(774,54),
(774,55),
(774,56),
(774,57),
(774,58),
(774,59),
(775,46),
(776,46),
(777,46),
(777,47),
(778,46),
(778,47),
(778,48),
(778,49),
(778,50),
(778,51),
(778,47),
(778,48),
(778,49),
(778,50),
(778,51),
(779,46),
(779,48),
(779,48),
(780,47),
(780,48),
(780,52),
(781,47),
(781,48),
(781,49),
(782,47),
(782,48),
(782,49),
(782,50),
(782,51),
(782,52),
(782,53),
(782,54),
(782,55),
(782,56),
(782,57),
(784,47),
(784,48),
(784,49),
(784,50),
(784,51),
(784,52),
(784,53),
(784,54),
(784,55),
(784,56),
(784,57),
(784,58),
(784,59),
(784,60),
(785,48),
(786,48),
(787,48),
(787,49),
(788,48),
(788,49),
(788,50),
(788,51),
(788,56),
(788,58),
(789,48),
(789,49),
(789,50),
(789,51),
(789,52),
(789,53),
(789,54),
(789,55),
(789,56),
(789,57),
(789,58),
(790,48),
(790,49),
(790,50),
(790,51),
(790,52),
(790,53),
(790,54),
(790,55),
(790,56),
(790,57),
(790,58),
(790,59),
(790,60),
(790,61),
(790,62),
(791,49),
(792,49),
(792,50),
(793,50),
(794,50),
(794,51),
(794,54),
(794,55),
(795,50),
(795,51),
(795,52),
(795,55),
(795,56),
(796,50),
(796,51),
(796,52),
(796,53),
(796,56),
(796,57),
(796,61),
(796,62),
(796,63),
(797,51),
(797,52),
(798,51),
(798,52),
(799,51),
(799,52),
(799,53),
(799,54),
(799,55),
(799,56),
(799,57),
(799,58),
(799,59),
(799,60),
(799,61),
(799,62),
(800,51),
(800,52),
(800,53),
(800,54),
(800,55),
(800,56),
(800,57),
(800,58),
(800,59),
(800,60),
(800,61),
(800,62),
(800,63),
(800,64),
(800,65),
(800,66),
(800,67),
(800,68),
(802,52),
(803,52),
(803,53),
(804,52),
(804,53),
(805,52),
(805,53),
(805,54),
(805,55),
(805,56),
(805,57),
(806,63),
(806,53),
(806,54),
(806,55),
(806,56),
(806,57),
(806,58),
(806,59),
(806,60),
(806,63),
(806,64),
(806,65),
(806,66),
(806,67),
(806,68),
(806,69),
(806,70),
(806,71),
(806,72),
(808,52),
(808,54),
(808,55),
(808,56),
(808,57),
(808,58),
(808,59),
(808,60),
(808,61),
(808,62),
(808,63),
(808,64),
(808,65),
(808,66),
(808,67),
(808,68),
(808,69),
(808,72),
(810,53),
(811,53),
(811,54),
(811,55),
(811,56),
(811,57),
(811,58),
(811,59),
(812,53),
(812,54),
(812,55),
(812,56),
(812,57),
(812,58),
(812,59),
(812,60),
(812,61),
(812,62),
(812,63),
(812,64),
(813,53),
(813,55),
(813,56),
(813,57),
(813,58),
(813,59),
(813,60),
(813,61),
(813,62),
(813,63),
(813,64),
(813,65),
(813,66),
(813,67),
(813,68),
(814,53),
(814,56),
(814,58),
(814,59),
(815,54),
(816,54),
(817,54),
(818,54),
(818,55),
(819,54),
(819,55),
(820,54),
(820,55),
(820,56),
(821,55),
(822,55),
(823,55),
(823,56),
(823,57),
(823,61),
(824,55),
(824,59),
(824,60),
(824,61),
(824,62),
(824,63),
(825,56),
(826,56),
(826,57),
(828,56),
(828,57),
(829,56),
(829,57),
(829,58),
(830,56),
(830,57),
(830,58),
(830,60),
(830,61),
(830,62),
(831,56),
(831,62),
(831,63),
(832,57),
(833,57),
(834,57),
(834,58),
(835,57),
(835,58),
(835,61),
(836,57),
(836,58),
(836,59),
(836,60),
(836,61),
(836,70),
(836,72),
(837,57),
(837,58),
(837,59),
(837,60),
(837,61),
(837,62),
(837,63),
(837,64),
(837,65),
(837,66),
(837,67),
(839,58),
(840,58),
(840,59),
(840,60),
(841,58),
(841,59),
(841,60),
(841,61),
(841,62),
(841,64),
(841,65),
(842,58),
(842,59),
(842,60),
(842,61),
(842,62),
(842,63),
(842,64),
(843,58),
(843,59),
(843,60),
(843,61),
(843,62),
(843,63),
(843,64),
(843,65),
(843,66),
(843,67),
(843,68),
(843,69),
(843,70),
(843,71),
(843,72),
(845,58),
(845,59),
(845,60),
(845,61),
(845,62),
(845,63),
(845,64),
(845,65),
(845,66),
(845,67),
(845,68),
(845,69),
(845,70),
(845,71),
(845,72),
(847,59),
(847,60),
(848,59),
(848,60),
(849,60),
(849,61),
(849,62),
(850,60),
(850,61),
(850,62),
(851,60),
(851,61)

INSERT INTO [dbo].[DriversSeasons] ([DriverID], [SeasonRefID])
VALUES
(851,62),
(851,63),
(851,65),
(852,60),
(852,63),
(852,64),
(852,65),
(852,66),
(852,67),
(852,68),
(852,69),
(852,70),
(852,71),
(853,61),
(854,61),
(854,62),
(855,61),
(855,62),
(855,63),
(856,61),
(856,62),
(856,63),
(857,61),
(857,63),
(857,64),
(857,65),
(857,66),
(857,67),
(857,68),
(857,69),
(857,70),
(857,71),
(858,62),
(858,63),
(859,62),
(859,63),
(859,64),
(859,68),
(860,62),
(860,63),
(860,64),
(860,65),
(860,66),
(861,62),
(861,63),
(861,64),
(861,65),
(861,66),
(861,67),
(861,68),
(861,69),
(861,70),
(861,71),
(861,72),
(862,62),
(862,63),
(862,64),
(862,65),
(862,66),
(862,67),
(862,68),
(862,69),
(862,70),
(862,71),
(862,72),
(863,63),
(863,64),
(864,63),
(864,64),
(864,65),
(865,64),
(866,64),
(866,65),
(867,64),
(867,65),
(868,64),
(868,65),
(868,67),
(869,64),
(869,65),
(869,66),
(869,67),
(869,68),
(869,69),
(869,70),
(869,71),
(869,72),
(870,65),
(871,65),
(872,65),
(872,66),
(872,67),
(872,68),
(872,70),
(872,70),
(873,65),
(873,66),
(873,67),
(873,68),
(873,69),
(874,65),
(874,66),
(874,67),
(874,68),
(874,69),
(874,70),
(874,71),
(875,66),
(876,66),
(877,66),
(877,67),
(878,66),
(878,67),
(878,68),
(878,69),
(878,70),
(878,71),
(878,72),
(879,66),
(879,67),
(879,68),
(879,69),
(879,70),
(879,71),
(879,72),
(880,67),
(881,67),
(881,68),
(882,67),
(882,68),
(883,67),
(883,68),
(883,69),
(884,67),
(884,68),
(884,69),
(884,71),
(884,72),
(885,68),
(885,69),
(886,68),
(886,69),
(886,70),
(886,71),
(886,72),
(887,68),
(887,69),
(887,70),
(887,71),
(887,72),
(888,68),
(888,70),
(888,71),
(888,72),
(889,69),
(890,69),
(890,70),
(890,71),
(890,72),
(891,70),
(891,71),
(892,70),
(892,71),
(892,72),
(893,70),
(893,71),
(893,72),
(894,71),
(895,71),
(896,71),
(896,72),
(897,72),
(898,72),
(899,72)

INSERT INTO [dbo].[DriversChampionships] ([DriverID], [SeasonRefID])
VALUES
(36,2),
(36,5),
(36,6),
(36,7),
(36,8),
(57,3),
(57,4),
(59,1),
(167,9),
(246,10),
(246,11),
(246,17),
(311,12),
(314,13),
(314,19),
(366,14),
(366,16),
(368,15),
(444,21),
(458,20),
(458,22),
(458,24),
(460,18),
(490,29),
(511,23),
(511,25),
(524,26),
(524,28),
(524,35),
(533,30),
(547,27),
(586,31),
(631,33),
(634,32),
(634,34),
(634,38),
(649,36),
(649,37),
(649,40),
(649,41),
(649,42),
(649,43),
(649,44),
(651,43),
(689,39),
(689,41),
(689,42),
(738,49),
(738,50),
(740,45),
(740,46),
(740,51),
(740,52),
(740,53),
(740,54),
(740,55),
(750,47),
(782,48),
(800,60),
(806,58),
(808,56),
(837,67),
(843,59),
(843,65),
(843,66),
(843,68),
(843,69),
(843,70),
(843,71),
(845,61),
(845,62),
(845,63),
(845,64)

INSERT INTO [dbo].[Circuits] ([Circuit], [GrandsPrix], [CircuitID], [TypeRefID], [DirectionRefID], [LastLengthUsed], [GrandsPrixHeld])
VALUES
('Adelaide Street Circuit','Australian Grand Prix',1,1,1,3.78,11),
('Ain-Diab Circuit','Moroccan Grand Prix',2,2,1,7.618,1),
('Aintree Motor Racing Circuit','British Grand Prix',3,2,1,4.828,5),
('Albert Park Circuit','Australian Grand Prix',4,1,1,5.303,24),
('Algarve International Circuit ','Portuguese Grand Prix',5,4,1,4.653,2),
('Autódromo do Estoril','Portuguese Grand Prix',6,4,1,4.36,13),
('Autódromo Hermanos Rodríguez ','Mexican Grand Prix,Mexico City Grand Prix',7,4,1,4.304,21),
('Autódromo Internacional Nelson Piquet','Brazilian Grand Prix',8,4,2,5.031,10),
('Autodromo Internazionale del Mugello','Tuscan Grand Prix',9,4,1,5.245,1),
('Autodromo Internazionale Enzo e Dino Ferrari ','Italian Grand Prix, San Marino Grand Prix, Emilia Romagna Grand Prix',10,4,2,4.909,29),
('Autodromo Josè Carlos Pace ','Brazilian Grand Prix, São Paulo Grand Prix',11,4,2,4.309,37),
('Autodromo Nazionale di Monza ','Italian Grand Prix',12,4,1,5.793,71),
('Autódromo Oscar y Juan Gálvez','Argentine Grand Prix',13,4,1,4.259,20),
('AVUS','German Grand Prix',14,2,2,8.3,1),
('Bahrain International Circuit ','Bahrain Grand Prix, Sakhir Grand Prix',15,4,1,5.412,18),
('Baku City Circuit ','European Grand Prix,Azerbaijan Grand Prix',16,1,2,6.003,5),
('Brands Hatch','British Grand Prix, European Grand Prix',17,4,1,3.703,14),
('Buddh International Circuit','Indian Grand Prix',18,4,1,5.141,3),
('Bugatti Circuit','French Grand Prix',19,4,1,4.43,1),
('Caesars Palace Grand Prix Circuit','Caesars Palace Grand Prix',20,1,2,3.65,2),
('Charade Circuit','French Grand Prix',21,2,1,8.055,4),
('Circuit Bremgarten','Swiss Grand Prix',22,2,1,7.208,5),
('Circuit de Barcelona-Catalunya ','Spanish Grand Prix',23,4,1,4.675,31),
('Circuit de Monaco ','Monaco Grand Prix',24,1,1,3.337,67),
('Circuit de Nevers Magny-Cours','French Grand Prix',25,4,1,4.411,18),
('Circuit de Spa-Francorchamps ','Belgian Grand Prix',26,4,1,7.004,54),
('Circuit Gilles Villeneuve','Canadian Grand Prix',27,1,1,4.361,40),
('Circuit Mont-Tremblant','Canadian Grand Prix',28,4,1,4.265,2),
('Circuit of the Americas ','United States Grand Prix',29,4,2,5.513,9),
('Circuit Paul Ricard ','French Grand Prix',30,4,1,5.842,17),
('Circuit Zandvoort ','Dutch Grand Prix',31,4,1,4.259,31),
('Circuit Zolder','Belgian Grand Prix',32,4,1,4.262,10),
('Circuito da Boavista','Portuguese Grand Prix',33,1,2,7.775,2),
('Circuito de Jerez','Spanish Grand Prix, European Grand Prix',34,4,1,4.428,7),
('Circuito de Monsanto','Portuguese Grand Prix',35,1,1,5.44,1),
('Circuito del Jarama','Spanish Grand Prix',36,4,1,3.404,9),
('Dallas Grand Prix Circuit','Dallas Grand Prix',37,1,2,3.901,1),
('Detroit street circuit','Detroit Grand Prix',38,1,2,4.168,7),
('Dijon-Prenois','French Grand Prix,Swiss Grand Prix',39,4,1,3.886,6),
('Donington Park','European Grand Prix',40,4,1,4.02,1),
('Fuji Speedway','Japanese Grand Prix',41,4,1,4.563,4),
('Hockenheimring','German Grand Prix',42,4,1,4.574,37),
('Hungaroring ','Hungarian Grand Prix',43,4,1,4.381,36),
('Igora Drive','Russian Grand Prix',44,4,2,4.086,0),
('Indianapolis Motor Speedway','Indianapolis 500,United States Grand Prix',45,4,1,4.192,19),
('Intercity Istanbul Park ','Turkish Grand Prix',46,4,2,5.338,9),
('Jeddah Corniche Circuit ','Saudi Arabian Grand Prix',47,1,2,6.174,0),
('Korea International Circuit','Korean Grand Prix',48,4,2,5.615,4),
('Kyalami Racing Circuit','South African Grand Prix',49,4,2,4.2,20),
('Long Beach Street Circuit','United States Grand Prix West',50,1,1,3.275,8),
('Losail International Circuit ','Qatar Grand Prix',51,4,1,5.38,0),
('Marina Bay Street Circuit *','Singapore Grand Prix',52,1,2,5.063,12),
('Miami International Autodrome *','Miami Grand Prix',53,2,2,5.41,0),
('Montjuïc circuit','Spanish Grand Prix',54,1,2,3.791,4),
('Mosport International Raceway','Canadian Grand Prix',55,4,1,3.957,8),
('Nivelles-Baulers','Belgian Grand Prix',56,4,1,3.724,2),
('Nürburgring','German Grand Prix, European Grand Prix, Luxembourg Grand Prix, Eifel Grand Prix',57,4,1,5.148,41),
('Pedralbes Circuit','Spanish Grand Prix',58,1,1,6.316,2),
('Pescara Circuit','Pescara Grand Prix',59,2,1,25.8,1),
('Phoenix street circuit','United States Grand Prix',60,1,2,3.72,3),
('Prince George Circuit','South African Grand Prix',61,4,1,3.92,3),
('Red Bull Ring ','Austrian Grand Prix, Styrian Grand Prix',62,4,1,4.318,35),
('Reims-Gueux','French Grand Prix',63,2,1,8.302,11),
('Riverside International Raceway','United States Grand Prix',64,4,1,5.271,1),
('Rouen-Les-Essarts','French Grand Prix',65,2,1,6.542,5),
('Scandinavian Raceway','Swedish Grand Prix',66,4,1,4.031,6),
('Sebring International Raceway','United States Grand Prix',67,2,1,8.356,1),
('Sepang International Circuit','Malaysian Grand Prix',68,4,1,5.543,19),
('Shanghai International Circuit *','Chinese Grand Prix',69,4,1,5.451,16),
('Silverstone Circuit ','British Grand Prix, 70th Anniversary Grand PrixEuropean Grand Prix',70,4,1,5.891,56),
('Sochi Autodrom ','Russian Grand Prix',71,4,1,5.848,8),
('Suzuka International Racing Course *','Japanese Grand Prix',72,4,3,5.807,31),
('TI Circuit Aida','Pacific Grand Prix',73,4,1,3.703,2),
('Valencia Street Circuit','European Grand Prix',74,1,1,5.419,5),
('Watkins Glen','United States Grand Prix',75,4,1,5.43,20),
('Yas Marina Circuit ','Abu Dhabi Grand Prix',76,4,2,5.281,12),
('Zeltweg Airfield','Austrian Grand Prix',77,2,1,3.186,1)

INSERT INTO [dbo].[CircuitSeasons] (CircuitID,SeasonID)
VALUES
(1,36),
(1,37),
(1,38),
(1,39),
(1,40),
(1,41),
(1,42),
(1,43),
(1,44),
(1,45),
(1,46),
(2,9),
(3,6),
(3,8),
(3,10),
(3,12),
(3,13),
(4,47),
(4,48),
(4,49),
(4,50),
(4,51),
(4,52),
(4,53),
(4,54),
(4,55),
(4,56),
(4,57),
(4,58),
(4,59),
(4,60),
(4,61),
(4,62),
(4,63),
(4,64),
(4,65),
(4,66),
(4,67),
(4,68),
(4,69),
(4,70),
(5,71),
(5,72),
(6,35),
(6,36),
(6,37),
(6,38),
(6,39),
(6,40),
(6,41),
(6,42),
(6,43),
(6,44),
(6,45),
(6,46),
(6,47),
(7,14),
(7,15),
(7,16),
(7,17),
(7,18),
(7,19),
(7,20),
(7,21),
(7,37),
(7,38),
(7,39),
(7,40),
(7,41),
(7,42),
(7,43),
(7,66),
(7,67),
(7,68),
(7,69),
(7,70),
(7,72),
(8,29),
(8,32),
(8,33),
(8,34),
(8,35),
(8,36),
(8,37),
(8,38),
(8,39),
(8,40),
(9,71),
(10,31),
(10,32),
(10,33),
(10,34),
(10,35),
(10,36),
(10,37),
(10,38),
(10,39),
(10,40),
(10,41),
(10,42),
(10,43),
(10,44),
(10,45),
(10,46),
(10,47),
(10,48),
(10,49),
(10,50),
(10,51),
(10,52),
(10,53),
(10,54),
(10,55),
(10,56),
(10,57),
(10,71),
(10,72),
(11,24),
(11,25),
(11,26),
(11,27),
(11,28),
(11,30),
(11,31),
(11,41),
(11,42),
(11,43),
(11,44),
(11,45),
(11,46),
(11,47),
(11,48),
(11,49),
(11,50),
(11,51),
(11,52),
(11,53),
(11,54),
(11,55),
(11,56),
(11,57),
(11,58),
(11,59),
(11,60),
(11,61),
(11,62),
(11,63),
(11,64),
(11,65),
(11,66),
(11,67),
(11,68),
(11,69),
(11,70),
(12,1),
(12,2),
(12,3),
(12,4),
(12,5),
(12,6),
(12,7),
(12,8),
(12,9),
(12,10),
(12,11),
(12,12),
(12,13),
(12,14),
(12,15),
(12,16),
(12,17),
(12,18),
(12,19),
(12,20),
(12,21),
(12,22),
(12,23),
(12,24),
(12,25),
(12,26),
(12,27),
(12,28),
(12,29),
(12,30),
(12,32),
(12,33),
(12,34),
(12,35),
(12,36),
(12,37),
(12,38),
(12,39),
(12,40),
(12,41),
(12,42),
(12,43),
(12,44),
(12,45),
(12,46),
(12,47),
(12,48),
(12,49),
(12,50),
(12,51),
(12,52),
(12,53),
(12,54),
(12,55),
(12,56),
(12,57),
(12,58),
(12,59),
(12,60),
(12,61),
(12,62),
(12,63),
(12,64),
(12,65),
(12,66),
(12,67),
(12,68),
(12,69),
(12,70),
(12,71),
(12,72),
(13,4),
(13,5),
(13,6),
(13,7),
(13,8),
(13,9),
(13,11),
(13,23),
(13,24),
(13,25),
(13,26),
(13,28),
(13,29),
(13,30),
(13,31),
(13,32),
(13,46),
(13,47),
(13,48),
(13,49),
(14,10),
(15,55),
(15,56),
(15,57),
(15,58),
(15,59),
(15,60),
(15,61),
(15,63),
(15,64),
(15,65),
(15,66),
(15,67),
(15,68),
(15,69),
(15,70),
(15,71),
(15,72),
(16,67),
(16,68),
(16,69),
(16,70),
(16,72),
(17,15),
(17,17),
(17,19),
(17,21),
(17,23),
(17,25),
(17,27),
(17,29),
(17,31),
(17,33),
(17,34),
(17,35),
(17,36),
(17,37),
(18,62),
(18,63),
(18,64),
(19,18),
(20,32),
(20,33),
(21,16),
(21,20),
(21,21),
(21,23),
(22,1),
(22,2),
(22,3),
(22,4),
(22,5),
(23,42),
(23,43),
(23,44),
(23,45),
(23,46),
(23,47),
(23,48),
(23,49),
(23,50),
(23,51),
(23,52),
(23,53),
(23,54),
(23,55),
(23,56),
(23,57),
(23,58),
(23,59),
(23,60),
(23,61),
(23,62),
(23,63),
(23,64),
(23,65),
(23,66),
(23,67),
(23,68),
(23,69),
(23,70),
(23,71),
(23,72),
(24,1),
(24,6),
(24,7),
(24,8),
(24,9),
(24,10),
(24,11),
(24,12),
(24,13),
(24,14),
(24,15),
(24,16),
(24,17),
(24,18),
(24,19),
(24,20),
(24,21),
(24,22),
(24,23),
(24,24),
(24,25),
(24,26),
(24,27),
(24,28),
(24,29),
(24,30),
(24,31),
(24,32),
(24,33),
(24,34),
(24,35),
(24,36),
(24,37),
(24,38),
(24,39),
(24,40),
(24,41),
(24,42),
(24,43),
(24,44),
(24,45),
(24,46),
(24,47),
(24,48),
(24,49),
(24,50),
(24,51),
(24,52),
(24,53),
(24,54),
(24,55),
(24,56),
(24,57),
(24,58),
(24,59),
(24,60),
(24,61),
(24,62),
(24,63),
(24,64),
(24,65),
(24,66),
(24,67),
(24,68),
(24,69),
(24,70),
(25,42),
(25,43),
(25,44),
(25,45),
(25,46),
(25,47),
(25,48),
(25,49),
(25,50),
(25,51),
(25,52),
(25,53),
(25,54),
(25,55),
(25,56),
(25,57),
(25,58),
(25,59),
(26,1),
(26,2),
(26,3),
(26,4),
(26,5),
(26,6),
(26,7),
(26,11),
(26,12),
(26,13),
(26,14),
(26,15),
(26,16),
(26,17),
(26,18),
(26,19),
(26,21),
(26,34),
(26,36),
(26,37),
(26,38),
(26,39),
(26,40),
(26,41),
(26,42),
(26,43),
(26,44),
(26,45),
(26,46),
(26,47),
(26,48),
(26,49),
(26,50),
(26,51),
(26,52),
(26,53),
(26,55),
(26,56),
(26,58),
(26,59),
(26,60),
(26,61),
(26,62),
(26,63),
(26,64),
(26,65),
(26,66),
(26,67),
(26,68),
(26,69),
(26,70),
(26,71),
(26,72),
(27,29),
(27,30),
(27,31),
(27,32),
(27,33),
(27,34),
(27,35),
(27,36),
(27,37),
(27,39),
(27,40),
(27,41),
(27,42),
(27,43),
(27,44),
(27,45),
(27,46),
(27,47),
(27,48),
(27,49),
(27,50),
(27,51),
(27,52),
(27,53),
(27,54),
(27,55),
(27,56),
(27,57),
(27,58),
(27,59),
(27,61),
(27,62),
(27,63),
(27,64),
(27,65),
(27,66),
(27,67),
(27,68),
(27,69),
(27,70),
(28,19),
(28,21),
(29,63),
(29,64),
(29,65),
(29,66),
(29,67),
(29,68),
(29,69),
(29,70),
(29,72),
(30,22),
(30,24),
(30,26),
(30,27),
(30,29),
(30,31),
(30,33),
(30,34),
(30,36),
(30,37),
(30,38),
(30,39),
(30,40),
(30,41),
(30,69),
(30,70),
(30,72),
(31,3),
(31,4),
(31,6),
(31,9),
(31,10),
(31,11),
(31,12),
(31,13),
(31,14),
(31,15),
(31,16),
(31,17),
(31,18),
(31,19),
(31,20),
(31,21),
(31,22),
(31,24),
(31,25),
(31,26),
(31,27),
(31,28),
(31,29),
(31,30),
(31,31),
(31,32),
(31,33),
(31,34),
(31,35),
(31,36),
(31,72),
(32,24),
(32,26),
(32,27),
(32,28),
(32,29),
(32,30),
(32,31),
(32,32),
(32,33),
(32,35),
(33,9),
(33,11),
(34,37),
(34,38),
(34,39),
(34,40),
(34,41),
(34,45),
(34,48),
(35,10),
(36,19),
(36,21),
(36,23),
(36,25),
(36,27),
(36,28),
(36,29),
(36,30),
(36,32),
(37,35),
(38,33),
(38,34),
(38,35),
(38,36),
(38,37),
(38,38),
(38,39),
(39,25),
(39,28),
(39,30),
(39,32),
(39,33),
(39,35),
(40,44),
(41,27),
(41,28),
(41,58),
(41,59),
(42,21),
(42,28),
(42,29),
(42,30),
(42,31),
(42,32),
(42,33),
(42,34),
(42,35),
(42,37),
(42,38),
(42,39),
(42,40),
(42,41),
(42,42),
(42,43),
(42,44),
(42,45),
(42,46),
(42,47),
(42,48),
(42,49),
(42,50),
(42,51),
(42,52),
(42,53),
(42,54),
(42,55),
(42,56),
(42,57),
(42,59),
(42,61),
(42,63),
(42,65),
(42,67),
(42,69),
(42,70),
(43,37),
(43,38),
(43,39),
(43,40),
(43,41),
(43,42),
(43,43),
(43,44),
(43,45),
(43,46),
(43,47),
(43,48),
(43,49),
(43,50),
(43,51),
(43,52),
(43,53),
(43,54),
(43,55),
(43,56),
(43,57),
(43,58),
(43,59),
(43,60),
(43,61),
(43,62),
(43,63),
(43,64),
(43,65),
(43,66),
(43,67),
(43,68),
(43,69),
(43,70),
(43,71),
(43,72),
(44,74),
(45,1),
(45,2),
(45,3),
(45,4),
(45,5),
(45,6),
(45,7),
(45,8),
(45,9),
(45,10),
(45,11),
(45,51),
(45,52),
(45,53),
(45,54),
(45,55),
(45,56),
(45,57),
(45,58),
(46,56),
(46,57),
(46,58),
(46,59),
(46,60),
(46,61),
(46,62),
(46,71),
(46,72),
(47,72),
(48,61),
(48,62),
(48,63),
(48,64),
(49,18),
(49,19),
(49,20),
(49,21),
(49,22),
(49,23),
(49,24),
(49,25),
(49,26),
(49,27),
(49,28),
(49,29),
(49,30),
(49,31),
(49,33),
(49,34),
(49,35),
(49,36),
(49,43),
(49,44),
(50,27),
(50,28),
(50,29),
(50,30),
(50,31),
(50,32),
(50,33),
(50,34),
(51,72),
(52,59),
(52,60),
(52,61),
(52,62),
(52,63),
(52,64),
(52,65),
(52,66),
(52,67),
(52,68),
(52,69),
(52,70),
(53,73),
(54,20),
(54,22),
(54,24),
(54,26),
(55,18),
(55,20),
(55,22),
(55,23),
(55,24),
(55,25),
(55,27),
(55,28),
(56,23),
(56,25),
(57,2),
(57,3),
(57,4),
(57,5),
(57,7),
(57,8),
(57,9),
(57,12),
(57,13),
(57,14),
(57,15),
(57,16),
(57,17),
(57,18),
(57,19),
(57,20),
(57,22),
(57,23),
(57,24),
(57,25),
(57,26),
(57,27),
(57,35),
(57,36),
(57,46),
(57,47),
(57,48),
(57,49),
(57,50),
(57,51),
(57,52),
(57,53),
(57,54),
(57,55),
(57,56),
(57,57),
(57,58),
(57,60),
(57,62),
(57,64),
(57,71),
(58,2),
(58,5),
(59,8),
(60,40),
(60,41),
(60,41),
(60,41),
(61,13),
(61,14),
(61,16),
(62,21),
(62,22),
(62,23),
(62,24),
(62,25),
(62,26),
(62,27),
(62,28),
(62,29),
(62,30),
(62,31),
(62,32),
(62,33),
(62,34),
(62,35),
(62,36),
(62,37),
(62,38),
(62,48),
(62,49),
(62,50),
(62,51),
(62,52),
(62,53),
(62,54),
(62,65),
(62,66),
(62,67),
(62,68),
(62,69),
(62,70),
(62,71),
(62,72),
(63,1),
(63,2),
(63,4),
(63,5),
(63,7),
(63,9),
(63,10),
(63,11),
(63,12),
(63,14),
(63,17),
(64,11),
(65,3),
(65,8),
(65,13),
(65,15),
(65,19),
(66,24),
(66,25),
(66,26),
(66,27),
(66,28),
(66,29),
(67,10),
(68,50),
(68,51),
(68,52),
(68,53),
(68,54),
(68,55),
(68,56),
(68,57),
(68,58),
(68,59),
(68,60),
(68,61),
(68,62),
(68,63),
(68,64),
(68,65),
(68,66),
(68,67),
(68,68),
(69,55),
(69,56),
(69,57),
(69,58),
(69,59),
(69,60),
(69,61),
(69,62),
(69,63),
(69,64),
(69,65),
(69,66),
(69,67),
(69,68),
(69,69),
(69,70),
(70,1),
(70,2),
(70,3),
(70,4),
(70,5),
(70,7),
(70,9),
(70,11),
(70,14),
(70,16),
(70,18),
(70,20),
(70,22),
(70,24),
(70,26),
(70,28),
(70,30),
(70,32),
(70,34),
(70,36),
(70,38),
(70,39),
(70,40),
(70,41),
(70,42),
(70,43),
(70,44),
(70,45),
(70,46),
(70,47),
(70,48),
(70,49),
(70,50),
(70,51),
(70,52),
(70,53),
(70,54),
(70,55),
(70,56),
(70,57),
(70,58),
(70,59),
(70,60),
(70,61),
(70,62),
(70,63),
(70,64),
(70,65),
(70,66),
(70,67),
(70,68),
(70,69),
(70,70),
(70,71),
(70,72),
(71,65),
(71,66),
(71,67),
(71,68),
(71,69),
(71,70),
(71,71),
(71,72),
(72,38),
(72,39),
(72,40),
(72,41),
(72,42),
(72,43),
(72,44),
(72,45),
(72,46),
(72,47),
(72,48),
(72,49),
(72,50),
(72,51),
(72,52)


INSERT INTO [dbo].[CircuitSeasons] (CircuitID,SeasonID)
VALUES
(72,53),
(72,54),
(72,55),
(72,56),
(72,57),
(72,60),
(72,61),
(72,62),
(72,63),
(72,64),
(72,65),
(72,66),
(72,67),
(72,68),
(72,69),
(72,70),
(73,45),
(73,46),
(74,59),
(74,60),
(74,61),
(74,62),
(74,63),
(75,12),
(75,13),
(75,14),
(75,15),
(75,16),
(75,17),
(75,18),
(75,19),
(75,20),
(75,21),
(75,22),
(75,23),
(75,24),
(75,25),
(75,26),
(75,27),
(75,28),
(75,29),
(75,30),
(75,31),
(76,60),
(76,61),
(76,62),
(76,63),
(76,64),
(76,65),
(76,66),
(76,67),
(76,68),
(76,69),
(76,70),
(76,71),
(77,15)

"INSERT INTO [dbo].[Constructors]([Constructor], [ConstructorID], [CountryID], [RacesEntered], [RacesStarted], [Drivers], [TotalEntries], [Wins], [Points], [Poles], [FL], [Podiums], [WCC], [WDC])
VALUES"
('Alex von Falkenhausen Motorenbau',1,1,4,4,6,9,0,0,0,0,0,0,0),
('Automobiles Gonfaronnaises Sportives',2,2,80,32,10,124,0,2,0,0,0,0,0),
('Alta',3,3,5,5,4,6,0,0,0,0,0,0,0),
('Amon',4,4,4,1,2,4,0,0,0,0,0,0,0),
('Andrea Moda',5,5,12,1,4,16,0,0,0,0,0,0,0),
('Apollon',6,6,5,1,1,1,0,0,0,0,0,0,0),
('Arrows',7,3,394,383,36,783,0,167,1,0,8,0,0),
('Arzani-Volpini',8,5,1,0,1,1,0,0,0,0,0,0,0),
('Aston Butterworth',9,3,4,1,2,4,0,0,0,0,0,0,0),
('Automobili Turismo e Sport',10,5,5,5,2,10,0,0,0,0,0,0,0),
('ATS (Auto Technisches Spezialzubehör)',11,1,107,89,15,146,0,7,0,0,0,0,0),
('British American Racing',12,3,118,116,7,236,0,227,2,0,15,0,0),
('Behra-Porsche',13,1,4,2,4,4,0,0,0,0,0,0,0),
('Bellasi',14,6,6,2,1,6,0,0,0,0,0,0,0),
('Benetton',15,3,260,260,17,520,27,851.5,15,36,102,1,2),
('Boro',17,7,8,6,4,8,0,0,0,0,0,0,0),
('Brabham',18,3,403,394,39,995,35,843,39,42,124,2,4),
('Brawn GP',19,3,17,17,2,34,8,172,5,4,15,1,1),
('British Racing Motors',20,3,208,197,71,559,17,385,11,15,61,1,1),
('British Racing Partnership',21,3,13,13,2,19,0,11,0,0,0,0,0),
('Bugatti',22,2,1,1,1,1,0,0,0,0,0,0,0),
('Caterham',23,8,56,56,8,112,0,0,0,0,0,0,0),
('Cisitalia',24,5,1,0,1,1,0,0,0,0,0,0,0),
('Coloni',25,5,65,13,8,81,0,0,0,0,0,0,0),
('Connaught',26,3,18,17,29,52,0,0,0,0,1,0,0),
('Connew',27,3,2,1,1,2,0,0,0,0,0,0,0),
('Cooper Car Company',28,3,129,129,111,528,16,301,11,14,58,2,2),
('Dallara',29,5,80,78,6,144,0,15,0,0,2,0,0),
('Derrington-Francis',30,3,1,1,1,1,0,0,0,0,0,0,0),
('Peter de Klerk',31,9,2,2,1,2,0,0,0,0,0,0,0),
('De Tomaso',32,5,15,10,8,18,0,0,0,0,0,0,0),
('Eagle (Anglo American Racers)',33,10,26,26,7,35,1,17,0,2,2,0,0),
('Eifelland',34,1,8,8,1,8,0,0,0,0,0,0,0),
('Emeryson',35,3,6,4,6,7,0,0,0,0,0,0,0),
('Eisenacher Motorenwerk',36,11,1,1,1,1,0,0,0,0,0,0,0),
('Ecurie Nationale Belge',37,12,1,1,1,1,0,0,0,0,0,0,0),
('Ensign',38,3,134,98,25,154,0,19,0,1,0,0,0),
('English Racing Automobiles',39,3,7,7,7,12,0,0,0,0,0,0,0),
('EuroBrun',40,5,46,15,5,76,0,0,0,0,0,0,0),
('Ferguson Research Ltd.',42,3,1,1,2,1,0,0,0,0,0,0,0),
('FIRST',43,5,1,0,0,0,0,0,0,0,0,0,0),
('Fittipaldi Automotive (Copersucar)',44,13,120,103,8,156,0,44,0,0,3,0,0),
('Fondmetal',45,5,29,19,4,42,0,0,0,0,0,0,0),
('Force India[o] (Sahara)',46,14,203,203,7,406,0,987,1,5,6,0,0),
('Forti',47,5,28,23,4,54,0,0,0,0,0,0,0),
('Frank Williams Racing Cars',48,3,61,56,25,112,0,6,0,0,0,0,0),
('Frazer-Nash',49,3,4,4,2,4,0,0,0,0,0,0,0),
('Fry',50,3,1,0,1,1,0,0,0,0,0,0,0),
('Gilby Engineering',51,3,6,3,2,6,0,0,0,0,0,0,0),
('Gordini',52,2,33,33,23,101,0,0,0,1,2,0,0),
('Greifzu',53,11,1,1,1,1,0,0,0,0,0,0,0),
('Hesketh',54,3,60,52,15,97,1,48,0,1,7,0,0),
('Hill',55,3,11,10,6,21,0,3,0,0,0,0,0),
('HRT (Hispania Racing Team)',56,15,58,56,8,116,0,0,0,0,0,0,0),
('Honda',57,16,88,88,8,154,3,154,2,2,9,0,0),
('HWM (Hersham and Walton Motors)',59,3,16,14,15,48,0,0,0,0,0,0,0),
('Jaguar[q]',60,3,85,85,8,170,0,49,0,0,2,0,0),
('JBW',61,3,6,5,1,6,0,0,0,0,0,0,0),
('Jordan[r]',62,17,250,250,30,500,4,291,2,2,19,0,0),
('Kauhsen',63,1,2,0,1,2,0,0,0,0,0,0,0),
('Klenk',64,1,1,1,1,1,0,0,0,0,0,0,0),
('Kojima',65,16,2,2,3,3,0,0,0,0,0,0,0),
('Kurtis',66,10,12,12,1,1,0,0,0,0,0,0,0),
('Lambo (Modena Team)',67,5,16,6,2,32,0,0,0,0,0,0,0),
('Lancia',68,5,4,4,4,10,0,0,2,1,1,0,0),
('Larrousse',69,2,32,32,7,64,0,5,0,0,0,0,0),
('LDS',70,9,5,5,3,8,0,0,0,0,0,0,0),
('LEC',71,3,5,3,1,5,0,0,0,0,0,0,0),
('Leyton House[s]',72,3,32,30,3,64,0,8,0,0,1,0,0),
('Life',73,5,14,0,2,14,0,0,0,0,0,0,0),
('Ligier/Talbot Ligier[t]',74,2,332,326,28,612,9,388,9,10,50,0,0),
('Lola[u]',75,3,152,146,27,280,0,45,1,0,3,0,0),
('Lotus (1958–1994)',76,3,491,489,122,1332,79,1332,107,70,172,7,6),
('Lotus (2010–2011)',77,8,38,38,3,76,0,0,0,0,0,0,0),
('Lotus (2012–2015)',78,3,77,77,5,154,2,706,0,5,25,0,0),
('Lyncar',79,3,2,1,1,2,0,0,0,0,0,0,0),
('Maki',80,16,8,0,3,8,0,0,0,0,0,0,0),
('Manor',81,3,21,21,3,42,0,1,0,0,0,0,0),
('March[v]',82,3,208,197,54,579,3,172.5,5,7,21,0,0),
('Martini',83,2,9,4,1,7,0,0,0,0,0,0,0),
('Marussia[w]',84,18,74,73,7,144,0,2,0,0,0,0,0),
('Maserati',86,5,77,70,106,423,9,9,10,15,37,0,2),
('Matra',87,2,61,61,5,117,9,163,4,12,21,1,1),
('MBM',88,6,1,0,1,1,0,0,0,0,0,0,0),
('McGuire',89,19,1,0,1,1,0,0,0,0,0,0,0),
('Merzario',90,5,31,10,3,32,0,0,0,0,0,0,0),
('Midland[x]',91,18,18,18,2,36,0,0,0,0,0,0,0),
('Milano',92,5,1,0,1,1,0,0,0,0,0,0,0),
('Minardi[y]',93,5,346,340,42,676,0,38,0,0,0,0,0),
('Onyx',94,3,26,17,6,52,0,6,0,0,1,0,0),
('O.S.C.A.',95,5,7,4,5,11,0,0,0,0,0,0,0),
('Osella[z]',96,5,172,132,17,253,0,5,0,0,0,0,0),
('Pacific',97,3,33,22,5,66,0,0,0,0,0,0,0),
('Parnelli',98,10,16,16,1,16,0,6,0,1,0,0,0),
('Penske',99,10,41,40,7,46,1,23,0,0,3,0,0),
('Porsche',100,1,36,33,13,75,1,46,1,0,5,0,0),
('Prost[aa]',101,2,83,83,9,166,0,35,0,0,3,0,0),
('RAM',102,3,44,31,8,73,0,0,0,0,0,0,0),
('Racing Point Force India',103,3,9,9,2,18,0,52,0,0,0,0,0),
('Racing Point',104,3,38,38,3,76,1,268,1,0,4,0,0),
('RE',105,20,1,0,1,1,0,0,0,0,0,0,0),
('Renault',106,2,403,400,26,788,35,1777,51,33,103,2,2),
('Rebaque',109,21,3,1,1,3,0,0,0,0,0,0,0),
('Rial',110,1,32,21,6,48,0,6,0,0,0,0,0),
('Sauber/BMW Sauber[ad]',111,6,465,462,30,902,1,865,1,5,26,0,0),
('Scarab',113,10,5,2,4,10,0,0,0,0,0,0,0),
('Scirocco',114,3,7,5,3,9,0,0,0,0,0,0,0),
('Shadow',115,10,112,103,21,240,1,67.5,3,2,7,0,0),
('Shannon',117,3,1,1,1,1,0,0,0,0,0,0,0),
('Simca-Gordini',118,2,15,14,11,29,0,0,0,0,0,0,0),
('Simtek',119,3,21,21,7,40,0,0,0,0,0,0,0),
('Spirit',120,3,25,23,3,25,0,0,0,0,0,0,0),
('Spyker',121,7,17,17,4,34,0,1,0,0,0,0,0),
('Stebro',122,22,1,1,1,1,0,0,0,0,0,0,0),
('Stewart',123,3,49,49,4,98,1,47,1,0,5,0,0),
('Super Aguri',124,16,39,39,5,39,0,4,0,0,0,0,0),
('Surtees',125,3,119,118,38,260,0,53,0,3,2,0,0),
('SVA',126,5,1,0,1,1,0,0,0,0,0,0,0),
('Talbot-Lago',127,2,13,13,18,81,0,0,0,0,2,0,0),
('Tec-Mec',128,10,1,1,1,1,0,0,0,0,0,0,0),
('Tecno',129,5,12,10,3,14,0,1,0,0,0,0,0),
('Theodore',130,23,51,34,10,64,0,2,0,0,0,0,0),
('Token',131,3,4,3,3,4,0,0,0,0,0,0,0),
('Toleman',132,3,70,53,9,131,0,26,1,2,3,0,0),
('Toro Rosso',133,5,268,268,14,536,1,500,1,1,3,0,0),
('Toyota',134,16,140,139,9,276,0,278.5,3,3,13,0,0),
('Trojan',135,3,8,6,1,8,0,0,0,0,0,0,0),
('Tyrrell',136,3,433,430,47,884,23,617,14,20,77,1,2),
('Vanwall',137,3,29,28,12,66,9,48,7,6,13,1,0),
('Venturi',138,2,16,16,2,32,0,1,0,0,0,0,0),
('Veritas',139,1,6,6,15,18,0,0,0,0,0,0,0),
('Virgin',140,3,38,38,3,76,0,0,0,0,0,0,0),
('Wolf (Walter Wolf Racing)',142,22,48,47,4,54,3,79,1,2,13,0,0),
('Zakspeed',143,1,74,54,7,136,0,2,0,0,0,0,0),
('Alfa Romeo',144,6,168,167,21,351,10,126,12,14,26,0,2),
('AlphaTauri',145,5,37,36,3,74,1,219,0,1,2,0,0),
('Alpine',146,2,20,19,2,40,1,112,0,0,1,0,0),
('Aston Martin',147,3,26,24,5,51,0,68,0,0,1,0,0),
('Ferrari',148,5,1030,1027,81,2186,238,8676,230,254,777,16,15),
('Haas',149,10,120,119,6,240,0,200,0,2,0,0,0),
('McLaren',150,3,904,899,51,1877,183,5811.5,156,160,493,8,12),
('Mercedes',151,1,247,246,12,506,122,6206.5,133,93,260,7,9),
('Red Bull',152,36,324,322,11,644,74,5554,72,74,203,4,4),
('Williams',153,3,757,755,44,1431,114,3584,128,133,313,9,7)

INSERT INTO  [dbo].[CircuitsLocation] ([CircuitID],[CountryID],[Longitude],[Latitude])
VALUES
(1,19,'-94.650993','32.799858'),
(2,24,'-7.68123','33.58486'),
(3,3,'-94.84053','39.11146'),
(4,19,'-7.6875','33.578611'),
(5,25,'-8.632','37.232'),
(6,25,'-9.394167','38.750833'),
(7,21,'-99.0925','19.406111'),
(8,13,'-43.395','-22.975556'),
(9,5,'11.371944','43.9975'),
(10,5,'11.713333','44.341111'),
(11,13,'-46.697222','-23.701111'),
(12,5,'9.289444','45.620556'),
(13,26,'-58.459347','-34.694272'),
(14,1,'13.251389','52.480556'),
(15,27,'50.510556','26.0325'),
(16,28,'49.853333','40.3725'),
(17,3,'0.2625','51.356667'),
(18,14,'77.535','28.350556'),
(19,2,'0.225611','47.937694'),
(20,10,'-115.175','36.116944'),
(21,2,'3.038889','45.747222'),
(22,6,'7.410833','46.95'),
(23,15,'2.261111','41.57'),
(24,29,'7.420556','43.734722'),
(25,2,'3.164228','46.863242'),
(26,12,'5.971389','50.437222'),
(27,22,'-73.522461','45.500578'),
(28,22,'-74.609936','46.187707'),
(29,10,'-97.641111','30.132778'),
(30,2,'5.791667','43.250556'),
(31,7,'4.540922','52.388819'),
(32,12,'5.255556','50.988889'),
(33,25,'-8.67325','41.170472'),
(34,15,'-6.034167','36.708333'),
(35,25,'-9.203056','-9.203056'),
(36,15,'-3.585583','40.617111'),
(37,10,'-96.765556','32.781944'),
(38,10,'-83.040111','42.32975'),
(39,2,'4.899167','47.3625'),
(40,3,'-1.379556','52.829806'),
(41,16,'138.926667','35.371667'),
(42,1,'8.565833','49.327778'),
(43,30,'19.251111','47.582222'),
(44,18,'30.1975','60.513333'),
(45,10,'-86.232778','39.798333'),
(46,31,'29.405','40.951667'),
(47,32,'39.104444','21.631944'),
(48,33,'126.416667','34.733333'),
(49,9,'28.068889','-25.998611'),
(50,10,'-118.192778','33.766389'),
(51,34,'51.454167','25.49'),
(52,35,'103.86385','1.291531'),
(53,10,'-80.238889','25.958056'),
(54,15,'2.151667','41.366389'),
(55,22,'-78.677778','44.05'),
(56,12,'4.326944','50.621111'),
(57,1,'6.9475','50.335556'),
(58,15,'2.116667','41.390278'),
(59,5,'14.150833','42.475'),
(60,10,'-112.074583','33.447917'),
(61,9,'27.873611','-33.048611'),
(62,36,'14.764722','47.219722'),
(63,2,'3.930561','49.254075'),
(64,10,'-117.272278','33.933389'),
(65,2,'1.004583','49.330639'),
(66,37,'13.601389','57.264167'),
(67,10,'-81.35','27.455'),
(68,8,'101.7375','2.760556'),
(69,38,'121.219722','31.338889'),
(70,3,'-1.016944','52.078611'),
(71,18,'39.968271','43.410278'),
(72,16,'136.540556','34.843056'),
(73,16,'134.221111','34.915'),
(74,15,'-0.325556','39.458778'),
(75,10,'-76.927222','42.336944'),
(76,39,'54.603056','24.467222'),
(77,36,'14.742222','47.202222')

INSERT INTO [FormulaOne].[dbo].[CircuitImages] (CircuitID,ImageURL)
VALUES
(1,'https://i.ibb.co/1J34wDk/Aintree-Motor-Racing-Circuit.png'),
(2,'https://i.ibb.co/7YyxXxS/Ain-Diab-Circuit.png'),
(3,'https://i.ibb.co/1J34wDk/Aintree-Motor-Racing-Circuit.png'),
(4,'https://i.ibb.co/DtCtRYm/Albert-Park-Circuit.png'),
(5,'https://i.ibb.co/s9PStCh/Algarve-International-Circuit.png'),
(6,'https://i.ibb.co/sV8CW1c/Aut-dromo-do-Estoril.png'),
(7,'https://i.ibb.co/5cFk85v/Aut-dromo-Hermanos-Rodr-guez.png'),
(8,'https://i.ibb.co/T8p2pQH/Aut-dromo-Internacional-Nelson-Piquet.png'),
(9,'https://i.ibb.co/s6bTXjm/Autodromo-Internazionale-del-Mugello.png'),
(10,'https://i.ibb.co/YXBZYRg/Autodromo-Internazionale-Enzo-e-Dino-Ferrari.png'),
(11,'https://i.ibb.co/kS5V2B9/Autodromo-Jos-Carlos-Pace.png'),
(12,'https://i.ibb.co/p3YYgtM/Autodromo-Nazionale-di-Monza.png'),
(13,'https://i.ibb.co/7y1nJwH/Aut-dromo-Oscar-y-Juan-G-lvez.png'),
(14,'https://i.ibb.co/P6fr62t/AVUS.png'),
(15,'https://i.ibb.co/r69mNrQ/Bahrain-International-Circuit.png'),
(16,'https://i.ibb.co/j3R22Yv/Baku-City-Circuit.png'),
(17,'https://i.ibb.co/RNf8z4C/Brands-Hatch.png'),
(18,'https://i.ibb.co/hW1C4Td/Buddh-International-Circuit.png'),
(19,'https://i.ibb.co/FbDhdSj/Bugatti-Circuit.png'),
(20,'https://i.ibb.co/ykBVymb/Caesars-Palace-Grand-Prix-Circuit.png'),
(21,'https://i.ibb.co/n3dbmBb/Charade-Circuit.png'),
(22,'https://i.ibb.co/bW954m4/Circuit-Bremgarten.png'),
(23,'https://i.ibb.co/zHZ1tcz/Circuit-de-Barcelona-Catalunya.png'),
(24,'https://i.ibb.co/bmc5mFJ/Circuit-de-Monaco.png'),
(25,'https://i.ibb.co/r3m4KYz/Circuit-de-Nevers-Magny-Cours.png'),
(26,'https://i.ibb.co/5WCXkbd/Circuit-de-Spa-Francorchamps.png'),
(27,'https://i.ibb.co/wrscvFh/Circuit-Gilles-Villeneuve.png'),
(28,'https://i.ibb.co/cgqTXtg/Circuit-Mont-Tremblant.png'),
(29,'https://i.ibb.co/30YZ1tp/Circuit-of-the-Americas.png'),
(30,'https://i.ibb.co/dry2Wjk/Circuit-Paul-Ricard.png'),
(31,'https://i.ibb.co/D1QxxF6/Circuit-Zandvoort.png'),
(32,'https://i.ibb.co/GT8yCsz/Circuit-Zolder.png'),
(33,'https://i.ibb.co/nfnkBvY/Circuito-da-Boavista.png'),
(34,'https://i.ibb.co/yRWP332/Circuito-de-Jerez.png'),
(35,'https://i.ibb.co/8B3KjCQ/Circuit-Monsanto.png'),
(36,'https://i.ibb.co/GVpKvX3/Circuito-del-Jarama.png'),
(37,'https://i.ibb.co/44gKH26/Dallas-Grand-Prix-Circuit.png'),
(38,'https://i.ibb.co/18thKph/Detroit-street-circuit.png'),
(39,'https://i.ibb.co/7GQR6Mn/Dijon-Prenois.png'),
(40,'https://i.ibb.co/VBh2vF1/Donington-Park.png'),
(41,'https://i.ibb.co/SQHJHDg/Fuji-Speedway.png'),
(42,'https://i.ibb.co/f1qDSch/Hockenheimring.png'),
(43,'https://i.ibb.co/S74Wk4C/Hungaroring.png'),
(44,'https://i.ibb.co/jHn833M/Igora-Drive.png'),
(45,'https://i.ibb.co/Rgj96sg/Indianapolis-Motor-Speedway.png'),
(46,'https://i.ibb.co/Zf066Vj/Intercity-Istanbul-Park.png'),
(47,'https://i.ibb.co/Kytvzjz/Jeddah-Corniche-Circuit.png'),
(48,'https://i.ibb.co/9wtWSzq/Korea-International-Circuit.png'),
(49,'https://i.ibb.co/QDJSrVN/Kyalami-Racing-Circuit.png'),
(50,'https://i.ibb.co/qFh0WQn/Long-Beach-Street-Circuit.jpg'),
(51,'https://i.ibb.co/WnjM3T1/Losail-International-Circuit.png'),
(52,'https://i.ibb.co/tYVmX8K/Marina-Bay-Street-Circuit.png'),
(53,'https://i.ibb.co/cXJXXcb/Miami-International-Autodrome.png'),
(54,'https://i.ibb.co/QMw0P4C/Montju-c-circuit.png'),
(55,'https://i.ibb.co/3rVZnvw/Mosport-International-Raceway.png'),
(56,'https://i.ibb.co/FXGL5mL/Nivelles-Baulers.png'),
(57,'https://i.ibb.co/pbtCWhz/N-rburgring.png'),
(58,'https://i.ibb.co/0qrBnFn/Pedralbes-Circuit.png'),
(59,'https://i.ibb.co/XXdHVVd/Pescara-Circuit.png'),
(60,'https://i.ibb.co/g4Q86qf/Phoenix-street-circuit.png'),
(61,'https://i.ibb.co/rHGfKdh/Prince-George-Circuit.png'),
(62,'https://i.ibb.co/gZbTkZS/Red-Bull-Ring.png'),
(63,'https://i.ibb.co/FYRXCw5/Reims-Gueux.png'),
(64,'https://i.ibb.co/TtMdb3t/Riverside-International-Raceway.png'),
(65,'https://i.ibb.co/yB4spFg/Rouen-Les-Essarts.gif'),
(66,'https://i.ibb.co/vQfjsdy/Scandinavian-Raceway.png'),
(67,'https://i.ibb.co/drW4c02/Sebring-International-Raceway.png'),
(68,'https://i.ibb.co/K54YwtV/Sepang-International-Circuit.png'),
(69,'https://i.ibb.co/ydLCpk2/Shanghai-International-Circuit.png'),
(70,'https://i.ibb.co/C27bvyB/Silverstone-Circuit.png'),
(71,'https://i.ibb.co/JcPfvcH/Sochi-Autodrom.png'),
(72,'https://i.ibb.co/Fm1ML2R/Suzuka-International-Racing-Course.png'),
(73,'https://i.ibb.co/0YBSY3S/TI-Circuit-Aida.png'),
(74,'https://i.ibb.co/7XJnJZ9/Valencia-Street-Circuit.png'),
(75,'https://i.ibb.co/z2sMKjp/Watkins-Glen.png'),
(76,'https://i.ibb.co/wcd5GL0/Yas-Marina-Circuit.png'),
(77,'https://i.ibb.co/0qvh7md/Zeltweg-Airfield.png')

INSERT INTO [dbo].[DriversStandings] ([DriverID], [SeasonID], [Points])
VALUES
(879,72,369.5),
(843,72,369.5),
(869,72,218),
(861,72,190),
(890,72,158),
(892,72,154),
(878,72,149.5),
(862,72,115),
(886,72,100),
(808,72,77),
(884,72,72),
(845,72,43),
(887,72,34),
(899,72,20),
(893,72,16),
(806,72,10),
(896,72,7),
(888,72,3),
(898,72,0),
(836,72,0),
(897,72,0)

INSERT INTO [dbo].[ConstructorStandings] ([ConstructorID], [SeasonID], [Points])
VALUES
(151,72,587.5),
(152,72,559.5),
(148,72,307.5),
(150,72,269),
(146,72,149),
(145,72,120),
(147,72,77),
(153,72,23),
(144,72,13),
(149,72,0)